ProductID,SupplierID
4220,85123A
5398,85123A
5398,71053
1132,71053
4827,84406B
1004,84029G
9474,84029G
4827,84029G
9776,84029E
4220,84029E
1004,84029E
9474,22752
1004,21730
9776,21730
5398,21730
1521,21730
1521,22633
5398,22633
9120,22633
4827,22632
9120,84879
1521,22745
5398,22745
4220,22745
1004,22748
9776,22748
1132,22749
5398,22749
7532,22310
5398,84969
9474,84969
1004,84969
1521,84969
5398,22623
4220,22623
1521,22623
9120,22622
1132,22622
1004,21754
1132,21754
5398,21755
1004,21755
9776,21755
4827,21777
9474,48187
9474,22960
9120,22960
1521,22960
5398,22913
1132,22912
9776,22912
4827,22912
5398,22914
5398,21756
4827,21756
9776,21756
9120,21756
4220,22728
9120,22728
1521,22728
4220,22727
1132,22727
7532,22727
5398,22726
1132,22726
4827,22726
1132,21724
7532,21724
5398,21883
4827,21883
7532,10002
1132,21791
4220,21791
1521,21791
7532,21791
1004,21035
9120,21035
5398,22326
5398,22629
7532,22629
1004,22629
1004,22659
5398,22631
9776,22631
1132,22631
5398,22661
9120,22661
9474,21731
1132,22900
1132,21913
9474,21913
1521,21913
5398,22540
9120,22544
9474,22544
4827,22544
4220,22544
1132,22492
5398,22492
4827,22492
9474,22492
9776,POST
1004,22086
9474,20679
4827,20679
5398,20679
1004,37370
5398,21871
4220,21071
1004,21071
1521,21071
9474,21068
4220,82483
7532,82483
5398,82483
1004,82486
9120,82482
1004,82482
1521,82494L
9776,82494L
1004,82494L
5398,82494L
1004,21258
1521,21258
9120,21258
4220,22114
1521,22114
5398,21733
9474,21733
9776,21733
9776,22386
1521,22386
1132,22386
4827,22386
1521,85099C
1004,21033
1132,21033
9776,20723
1132,20723
4220,84997B
9474,84997B
9776,84997B
9776,84997C
7532,84997C
9474,21094
1521,20725
9776,21559
1521,21559
1132,21559
1004,22352
4220,22352
9776,21212
5398,21212
9776,21975
4220,21977
7532,21977
5398,21977
1521,84991
7532,84991
4827,84519A
4220,84519A
9474,85183B
4827,85183B
4827,85071B
9474,85071B
9120,21931
9474,21931
1521,21929
5398,21929
1004,21929
7532,22961
4220,22961
5398,22961
9474,22139
1132,22139
7532,22139
9776,84854
5398,84854
1004,84854
1004,22411
1132,22411
9474,22411
9776,82567
7532,82567
1521,21672
1132,22774
4827,22774
5398,22771
4220,22771
4827,22771
9474,71270
1004,71270
4827,71270
9776,22262
4220,22262
4220,22637
5398,22637
9776,22637
5398,21934
1004,21169
9120,21169
5398,21166
4827,21166
1132,21166
4827,21175
5398,37444A
4827,37444A
1004,37444C
4220,22083
7532,22083
9120,22083
4220,84971S
9120,84971S
4827,84971S
1004,84971S
1521,47580
7532,47580
4220,22261
1132,22261
9776,22261
1521,84832
9776,84832
7532,84832
4827,22644
7532,22644
9120,22644
9776,21533
1004,21533
9120,21557
4827,21557
4827,15056BL
1521,15056N
4827,15056N
9474,15056N
9120,22646
4827,22176
5398,22176
4220,22438
7532,22438
1004,22778
7532,22778
9120,22778
9474,22778
1004,22719
7532,22719
5398,21523
9120,21523
1004,D
1132,21912
9776,21912
5398,21912
4220,21912
1004,21832
9776,21832
4827,21832
4220,22379
1132,22381
5398,22381
1521,22798
9474,22798
5398,22798
4827,22798
4220,22926
9120,22926
1521,22839
9120,22839
9776,22839
5398,22839
1132,22838
1004,22783
1132,22783
1521,22783
5398,22783
1004,35004C
4827,35004C
9776,82484
9474,82484
9120,82484
1132,82484
9474,84755
1004,84755
9120,22464
4827,22464
1521,21324
9776,21324
9474,21324
9120,22457
4220,22457
1004,22469
4220,22469
4827,22469
9120,22469
1521,22470
9120,22224
1521,21340
1004,22189
1132,22427
9474,22427
7532,22427
4220,22428
1132,22424
1004,22424
4827,22663
1004,22663
1004,85049A
9120,85049A
7532,22168
4220,22168
9474,22168
5398,22168
1521,22662
4220,22662
4220,84880
5398,84880
1521,84880
9776,84880
9776,85099B
1132,85099B
9474,85099B
1521,79321
7532,79321
9474,79321
4220,79321
4827,22780
1521,22780
1132,22780
9776,22779
5398,22779
1132,22779
9120,22466
1004,22466
1521,22466
9474,21363
9474,21411
7532,21411
4220,21411
1004,22318
9776,22318
9120,22318
9776,22915
1132,22922
4220,22922
1004,22969
9776,22969
5398,22969
4827,22923
7532,22923
9120,22923
5398,21115
1521,21115
7532,21115
1521,22242
4220,22242
1521,22941
9474,22941
1132,22941
9474,21622
7532,21622
5398,35004G
1132,35004G
1004,35004G
4220,35004G
4220,85014B
5398,85014B
1521,85014B
9776,85014B
1004,85014A
1132,85014A
9474,85014A
4220,22193
7532,22193
4827,22193
1132,22193
1132,22192
7532,22191
5398,22191
1132,22191
9120,22191
7532,22195
5398,22196
1004,22196
9776,22196
4827,22962
7532,22962
9776,22962
1004,22962
1004,22963
9776,22963
1521,22968
5398,84970S
1004,84970S
4220,22910
1004,22910
9776,22910
9776,20668
7532,22197
4220,22197
1132,22198
4220,21080
1004,21080
9120,21080
1521,21080
5398,21086
5398,21786
1132,21786
4220,21786
9776,21786
1521,22654
4220,22654
1004,21485
9474,21485
4827,84030E
9474,22174
1521,22556
9120,22556
1521,21984
9776,21984
1132,21983
5398,21983
1521,21980
1132,21484
4827,22557
9776,22557
9474,22557
7532,22557
1132,22553
9776,22553
4220,22150
4827,22150
9776,22150
7532,22619
1004,22619
9776,22619
4827,22619
1004,21891
9120,21891
7532,21889
4827,21889
1521,21889
1132,21889
1004,22827
5398,22127
1004,22128
9120,22128
1521,22502
4827,22338
7532,22338
9776,22180
4827,22180
1132,22180
5398,21506
7532,22866
5398,22866
9776,22866
9120,22865
1132,22865
4827,22865
4220,22349
4827,22349
7532,22349
7532,22558
9776,22558
4827,85152
1521,85152
4220,22652
1132,22652
1132,22188
7532,21314
9776,22730
7532,22730
1004,22730
9776,22729
1132,22867
9776,22803
9120,22803
1521,22803
4220,35004B
9474,35004B
1132,21844
9776,21844
1004,22468
1132,22468
4220,48185
4827,48185
1132,48185
1132,21232
9776,21232
7532,21232
9120,21232
7532,22064
9474,22064
4220,22064
9120,22064
9120,22449
1132,22449
7532,22449
9776,22835
9474,22835
1132,22835
7532,22112
9120,22112
1521,21479
1132,21479
1132,22111
4220,22110
1132,22110
9776,22110
9776,22098
7532,22100
9120,22100
9474,22100
4220,22766
1004,22766
7532,22451
9120,22451
1521,22451
4827,22549
1521,22549
7532,84744
9474,84744
7532,85049E
1004,21328
1132,21328
4827,21328
9120,17091A
1004,17091A
1521,17091A
1132,17091A
9776,22473
1004,84509A
5398,84510A
1521,84510A
1132,84510A
9120,22767
9474,22768
4220,21463
5398,21464
1004,21464
9474,20820
5398,85150
1004,85150
9776,85150
9120,22117
1004,22117
5398,48129
9474,82580
4220,82580
1132,82580
9776,82578
7532,82581
9474,82581
5398,82581
1004,22413
9474,22413
9776,21907
4220,21907
9474,21907
4827,22441
1521,22441
5398,21122
4827,21122
1132,21122
9474,22851
5398,22810
1004,22809
9474,22435
1132,22435
7532,20966
9120,20966
9776,20963
9120,20963
1132,20963
9120,20961
1521,20961
9474,20961
1132,22068
4220,22068
9776,22068
9474,21743
5398,21744
9474,84709B
9120,21592
1132,21592
4220,21592
1004,21592
7532,21587
1004,20992
9474,20992
4220,20992
9120,22804
9474,22804
9776,22804
5398,22804
4220,20749
7532,20749
5398,20749
1521,22382
9776,22382
1521,20726
9776,20726
4827,22384
9776,22384
9474,22384
5398,22467
9120,22467
9776,84625C
9120,84625C
9474,84625A
7532,84625A
1004,21108
4220,22848
9474,22848
4220,47570B
1004,47570B
9776,22837
7532,22297
9120,22772
9776,22773
7532,22773
1132,22773
5398,22805
4827,22805
4220,21125
4220,21126
1004,85049C
9120,85049C
9776,85049C
9474,85049C
7532,85049D
1521,85049D
9776,85049D
1132,85049G
1004,85049G
9120,21061
7532,21063
9120,21063
1132,21063
4220,21062
7532,21062
9120,21062
7532,84380
4827,84380
5398,84378
1004,22964
5398,21213
1521,21213
9474,22417
4220,84992
5398,84992
1521,22383
9474,20728
9120,20727
9120,22296
5398,20914
1132,20914
4827,20914
1004,22537
9776,22537
9474,22537
5398,22533
9120,22533
9776,22533
1004,20982
1521,20982
9120,21915
1132,21915
1004,21914
4827,21914
1132,21544
1004,21544
1132,22813
9776,22813
1521,22813
9474,22813
7532,84375
4220,22418
9120,22418
1004,22178
9120,22178
5398,84970L
1132,84970L
7532,84970L
1004,84970L
4220,22465
4827,22465
9120,84949
1521,84949
9474,84949
4220,84949
1132,20685
1004,20685
9474,48194
4220,48194
9776,48194
4827,22488
1521,22219
9474,22219
9776,22219
4220,22219
7532,22610
4220,22716
9120,22716
1521,22706
5398,22706
9120,22371
9776,22371
4220,21210
1004,21210
9120,21210
4220,16237
1004,16237
1132,22714
1521,22714
4220,22714
1132,22812
1004,84347
7532,84347
4827,84347
9474,84347
9120,22736
1132,22736
9474,22736
5398,22620
5398,21705
9776,21705
1132,90199C
4827,90199C
1004,90199C
7532,90199C
1132,22785
9776,22975
9120,22975
5398,22975
9474,22975
9776,22972
9474,22972
9474,22568
9120,22568
4827,22568
4220,22568
4827,85116
9120,85116
1132,85116
7532,22664
9474,22664
5398,21609
5398,21866
1132,21866
1004,20669
1521,20669
4827,90129F
7532,90210B
4827,90210B
9120,90210B
9776,90210B
4827,21955
9474,21955
1004,21955
4220,21955
1132,72802C
7532,72802C
1004,72802C
4827,72802C
9474,22109
1004,22531
9474,21811
1521,21811
9776,21811
5398,22183
1132,22183
9776,21678
1004,21678
9120,21678
4827,21676
1132,21676
5398,21676
9776,85169B
4220,85169B
4827,85169B
1132,85169B
1521,16238
5398,16238
7532,16238
4220,84906
9474,84906
7532,84906
9120,21867
4220,21867
5398,21867
4220,22075
1132,22075
9120,22075
9474,21326
9474,21065
5398,21065
5398,22074
1004,22074
4220,22074
9120,20713
1004,20713
1521,20713
4220,20713
1004,21116
4827,21116
9474,21824
9120,21824
4220,21824
1521,21824
9474,21823
9776,21823
9120,22153
1004,85099F
5398,85099F
9474,85099F
1521,20717
7532,20717
1521,22328
4220,22327
9776,22630
1521,21245
9120,21245
1004,21245
9776,21244
1004,21244
7532,21242
1004,21242
5398,21242
1132,21243
5398,21243
1132,22273
7532,22273
4827,22940
5398,22940
7532,22940
9776,22759
1521,22759
5398,22759
4220,21880
5398,21738
7532,21738
9776,21738
9120,21738
5398,22077
1132,21448
7532,22243
1004,22243
9776,22243
1132,22141
1132,22144
9120,22144
1521,22144
4220,21739
1004,21739
5398,21739
1132,22271
7532,22271
4827,22274
1132,22274
1004,22274
9474,22274
4827,22751
4220,22751
9776,22751
1004,21034
9474,21034
9776,22570
9120,22570
5398,22569
1004,22569
1132,22569
9120,22902
1132,21710
5398,21710
9474,21708
1132,21711
9120,21711
4827,21711
7532,22179
4220,21706
5398,85184C
9474,22988
4827,22988
5398,20750
9120,20750
9776,20750
1132,22952
1004,22952
1521,22952
9474,22952
9474,22739
5398,22738
9474,22909
1521,22909
5398,22909
9120,22909
1004,35591T
4827,35591T
1521,35591T
4220,35591T
5398,22186
4827,22695
1132,22580
5398,22147
4827,22147
4220,22147
1132,22130
4827,22130
9474,22694
9120,22694
9474,21790
9120,21790
7532,21790
4827,21790
4827,22149
9120,22321
9776,22321
5398,22321
9120,22594
4220,22594
9474,22594
5398,22593
7532,22593
9474,22595
1132,22595
1132,21986
1004,21986
1521,22750
7532,22750
1004,22616
9776,22616
4827,22616
9474,22775
4827,22775
9120,22775
1521,22775
9474,22899
1521,22899
1132,22899
4827,22367
4827,22942
1004,22942
1132,22942
9474,21976
1132,21976
5398,21976
1004,21976
9120,22951
4827,22951
5398,22834
4220,21916
1132,21916
4220,22587
5398,22587
4827,22587
9474,22566
5398,22566
1521,22566
9120,22565
1521,22472
9776,22472
5398,22551
4827,22551
9120,22551
7532,22554
1132,22554
1521,22554
9776,22554
4220,22534
4827,22534
9776,22534
1132,22529
5398,22529
9474,22529
7532,22530
1521,22530
4827,22530
5398,84032B
1004,84032B
9120,85049H
4827,85049H
9776,85049H
4827,22807
1004,22807
9120,21494
1004,21494
7532,21494
9474,21494
1521,22938
9120,22938
4220,21892
4827,21892
7532,21892
1004,21892
5398,21890
9474,21890
9120,21890
7532,21890
7532,21718
9474,21718
4827,21718
7532,21716
4220,21716
4827,21716
1004,21716
7532,21715
4220,21715
5398,21715
9120,22113
5398,22358
9776,22358
7532,22358
9776,22357
5398,22115
1521,22115
9474,21481
4220,22585
1132,22585
5398,21556
1004,21556
9120,22645
5398,22650
1004,22650
1132,22650
9776,22508
4827,22508
9120,22511
1004,22829
9474,22829
7532,21154
9776,21154
4220,21154
7532,17021
5398,17021
1004,22059
4827,84678
1132,84678
1004,85172
9474,85172
7532,85172
1132,85172
9474,22142
4827,22142
9120,22142
1132,21591
9776,21591
9474,21591
1521,21591
7532,22480
9776,22294
9120,22294
1004,22294
5398,22294
9776,21156
1004,10133
1521,10133
9474,10133
5398,10133
1004,72800E
4220,84836
1132,20774
7532,20774
7532,20773
5398,20773
1132,20777
7532,20777
4220,16016
1521,16016
1004,16014
9120,21651
1132,22618
4827,22618
9474,22618
5398,22618
9474,21586
1132,22152
9120,84754
4220,22670
1132,84849B
4827,84849B
7532,84849B
9120,22927
7532,22927
5398,22927
7532,22925
9120,22925
9474,21259
1004,21259
4827,21259
5398,21259
1132,21257
9474,21121
9474,82552
1004,90200B
4827,90059B
9120,90059B
1521,90059B
9776,90185C
1521,90059E
1004,90059E
4220,90059C
9120,90200C
4220,90200C
9776,90200C
7532,90200D
9474,90200A
4220,22737
5398,21260
4220,21260
9474,21260
1521,22744
5398,22744
9474,21985
9776,21985
7532,21985
4220,21985
9120,22295
1132,22295
4220,16258A
9120,21992
4220,21992
5398,21992
9120,21124
7532,21124
4220,21124
9474,21124
9776,22735
4220,22735
5398,22945
4827,22945
9776,22945
1004,22945
4220,21816
9474,21816
1521,21816
1521,21815
5398,21815
9474,21814
9120,21814
5398,21814
1132,21814
1521,10125
9474,10125
4220,10125
1004,22573
9776,22577
1132,22603
7532,22603
9474,22603
1521,22603
9776,20878
1004,20878
1521,20878
9120,20878
1132,20866
1521,20866
4827,20866
4220,85095
1004,85095
1132,85095
4827,22333
4220,22333
4827,21584
4220,21584
1004,22731
4220,22956
9120,22956
5398,22582
1521,22582
9120,22582
7532,85231B
9776,85231G
5398,22082
1132,22082
1004,22500
4220,22500
4827,22742
1004,22742
9474,22742
4220,22742
4827,21329
1132,21327
9120,21327
1521,21327
9120,48173C
7532,48173C
9776,48173C
1521,48173C
1521,72818
1004,72818
7532,22312
4827,22312
9474,22312
4220,21137
1132,22041
4220,22041
4827,22041
9474,20979
5398,20979
1004,20977
9120,20977
5398,20977
9120,22571
7532,22571
9776,22423
1004,22423
4220,22423
9120,22423
1521,21621
1004,47563A
5398,47563A
4827,84558A
7532,84558A
5398,84558A
9474,21577
9120,22087
1004,22651
1004,22713
4220,22713
7532,21370
9776,21370
4220,21370
1521,21367
5398,22376
1521,22376
1004,22376
1004,21895
9776,21895
9120,21895
9120,22372
9776,22372
1004,22372
9120,21190
1132,21190
9474,21190
9120,21894
1521,21894
7532,21894
9474,21894
5398,70007
4220,70007
1004,46000M
4220,22712
1132,22712
1521,22712
1004,22712
1132,22983
1132,22024
1521,21488
4827,21488
9776,21488
4827,22895
1521,22895
4220,22895
1004,22784
4220,22784
5398,22784
1521,21441
9474,21441
9120,21441
4220,21441
9776,84947
4827,84947
9120,84947
1521,22485
4220,21794
1004,20707
1521,22588
7532,22588
7532,21292
1132,22760
4220,22107
1004,22107
5398,21486
9120,21486
9776,22151
1004,22151
1132,22151
9474,22151
9776,22643
9120,22643
4827,22643
1132,22642
1132,22604
7532,22604
9474,22604
9776,22099
9120,22099
1132,22653
9120,22653
5398,22653
7532,22653
7532,22906
9474,22906
4827,22754
9776,22754
1132,22754
4220,22919
4827,22919
4220,22917
5398,22917
4827,22917
1004,22920
9120,22920
9776,22921
4220,22918
7532,22918
1004,22916
9120,22916
9776,22916
1132,22575
4827,22575
9776,21804
9474,21804
4220,21804
4827,21804
9474,21588
9776,21588
4220,21588
4827,22955
9776,22955
1004,22955
5398,22583
4827,22241
9776,22241
4827,22904
1004,22905
5398,22905
9474,22092
5398,22092
7532,22092
5398,22096
1521,22096
7532,22096
4220,21358
1521,21358
9474,21358
9474,21123
1004,21427
7532,21427
4220,21427
4827,21930
1521,21930
4220,21930
9474,21930
9776,20772
4220,71406C
9120,71406C
4827,71406C
1132,84985A
4220,20754
9120,20754
5398,20754
5398,84596E
5398,21111
4827,21111
9474,21111
4827,22501
9474,22854
4220,84997D
5398,84997D
9474,47599A
7532,47599A
9120,47599B
9776,47599B
7532,20972
9776,20972
4827,20972
1132,21041
4220,21041
1521,21041
1521,21664
5398,21664
9474,22907
9120,22776
4220,22776
9776,22776
5398,21810
9474,21810
4827,21197
7532,21197
1004,21197
1132,85035B
9776,85035B
4220,84968C
1132,21098
1132,21192
9474,72800B
1132,84563A
1004,47504H
1132,47504H
9776,21742
4827,21742
5398,21742
1521,21742
9776,22481
9120,22481
4220,22943
1004,22943
1132,22943
9120,22699
1004,22699
9474,22217
4220,22217
4827,22227
4220,22227
9474,22227
7532,21106
5398,21106
1132,21107
7532,21107
9776,21107
1521,22697
7532,22697
1004,22697
1521,21826
4827,21826
1132,22548
4220,17164B
5398,22429
9474,22429
4827,22429
7532,20974
5398,20974
1521,20974
1132,20973
5398,15044B
9474,15044B
1521,21135
5398,21135
9776,21135
4827,22173
9120,22173
5398,22626
9120,22626
9776,22626
7532,22626
9474,22625
7532,22625
7532,22624
1004,22624
1004,84945
1132,22244
5398,22244
1521,22244
9474,47421
9776,47421
5398,20712
1132,20712
5398,22973
4827,22973
7532,84569B
9474,84569B
9776,22815
1004,22815
4220,22815
7532,85114B
4220,85114B
5398,85114B
1004,85114B
1521,22584
9474,22584
1132,22454
9776,22454
7532,22454
5398,85114C
4220,85114C
1132,22974
4827,22974
9474,22974
1521,22974
1521,21452
1004,21452
9120,21452
1132,22743
5398,22743
9776,22743
7532,22911
4220,22911
5398,22453
1132,22453
1004,22453
9474,22445
1521,22445
1132,22445
9474,22607
9776,22607
9474,22635
7532,22635
1004,22635
4220,22634
1132,22222
5398,22222
4827,22947
5398,22187
1004,22187
1521,22164
4827,22164
7532,22164
1004,72598
1521,22627
9776,22487
1004,22487
9776,22360
9474,22360
7532,22364
5398,22364
1004,22364
4220,21657
1132,21657
4827,22120
9120,22120
5398,21038
1132,21038
4827,21038
4827,21625
9776,21625
5398,21625
4827,22097
4220,21179
4220,22185
7532,21662
5398,21662
7532,85104
9474,85104
9120,85104
4827,21654
9474,21654
1521,21658
9120,21519
4827,22819
5398,22819
1521,22704
4827,21498
9120,21498
9120,22049
5398,22049
9474,22049
7532,21497
1132,21497
9474,21497
9120,21333
5398,22194
1521,22194
4827,22194
9120,22194
1521,22688
9120,22688
9120,84692
1004,84692
9776,84692
5398,22444
1004,22555
9120,22555
7532,22555
9120,22547
4220,22547
1004,22543
1132,22543
9474,22543
7532,22539
1521,22539
1004,22561
9120,22489
1521,22489
4220,22489
5398,22814
9474,22814
1521,22814
1004,21520
7532,21982
4220,21981
1132,21967
9776,21967
7532,21967
1521,22615
1521,22614
9776,22614
4827,22614
9120,22614
1004,22095
1132,22095
7532,22094
1004,22094
4827,22966
1521,21874
9474,21874
4827,21874
1132,21874
1521,21873
7532,21873
5398,21873
4220,21870
1004,21870
1004,84050
4827,84050
1004,22315
1132,22315
9776,22315
9474,22315
4827,22667
9120,22667
1004,22667
5398,22667
1521,22666
4220,22666
1132,22666
9474,22665
9776,22665
5398,22567
4827,22567
5398,82600
9474,82600
1132,22842
9120,22842
4220,22842
9120,22494
5398,22740
4827,22740
1521,22740
9776,22740
4220,22825
5398,22825
9120,22680
9474,22680
4220,22680
4827,22680
4220,22797
7532,22797
1132,22797
9120,21843
5398,21843
1132,21843
4220,22118
9120,22121
7532,22121
1004,22121
1521,22121
4827,22119
4827,22311
1004,72817
4827,72817
5398,72817
9776,72817
5398,22277
9776,22277
4827,22277
1004,22277
1132,20867
4827,21688
9776,21688
4220,21694
9474,21694
9776,22800
7532,22801
1521,22801
4220,22801
9120,22781
4220,22781
1004,21466
9474,21466
1132,21466
1521,21467
5398,21467
9474,21467
9776,21471
7532,21469
1521,21469
1004,21524
1132,21524
4827,21524
4827,22791
1521,22791
5398,22791
5398,21690
4827,21690
1132,37343
5398,22088
1132,22088
4827,21143
9120,21143
4220,21143
5398,84944
1521,22601
1132,22601
9120,22600
1004,22600
9120,22574
9776,22574
9474,22574
9776,85199L
4827,85199L
5398,85199L
9776,85199S
1004,72741
9474,37495
4220,37495
9776,22171
1132,85067
5398,85067
1004,85067
7532,48184
1521,48138
9776,48138
1004,48138
1132,48138
1004,85019A
5398,85019C
7532,85019C
1521,20902
9474,21429
7532,21429
1521,21429
4220,85071A
7532,85071A
1132,85071A
1132,85071C
9474,22355
9120,22355
5398,22355
9474,21579
9776,21579
9474,21576
7532,21576
4220,21576
9474,22493
9120,22493
5398,22493
9474,21833
7532,85135B
9776,85135B
1132,85135B
4827,85135B
9776,85136A
1004,85136A
5398,85136C
9776,85136C
1521,85136C
9474,21055
7532,21055
9776,21055
9120,21056
4220,21056
5398,C2
1521,C2
9474,C2
9776,21928
4220,20711
1004,20711
9474,20711
4827,22892
1132,22892
7532,22245
9474,22245
4220,21218
9474,20957
1521,20957
9474,79144B
5398,79144B
4220,22482
7532,22482
1004,22482
1132,21917
4220,21917
1521,21917
7532,21917
1004,22599
7532,22599
1132,22599
1521,22599
7532,22597
1132,22597
5398,22597
1521,22597
9120,22336
9776,21922
9474,21922
9120,35961
1132,35961
9776,35961
1521,21495
9120,21495
1132,46000R
7532,46000R
1132,46000S
4827,46000S
1521,84920
9776,22953
7532,84508A
9120,84508A
9776,84508A
9120,22471
5398,22471
1521,22471
7532,22471
1132,21935
1004,21935
5398,21935
4220,21670
4827,22786
9120,22786
9474,22786
1132,85064
7532,22212
1521,22212
1004,22678
4220,22678
1521,22686
9776,22686
4827,85232B
9776,85232B
7532,85232B
4827,84685
1521,84685
5398,84685
9474,22755
7532,22755
5398,22755
4827,22755
9776,20616
1132,20616
7532,22753
9776,79066K
5398,22794
9474,22794
9776,22592
4827,84352
1132,84352
7532,22795
1521,22795
9474,22795
9776,22278
5398,22278
5398,84884A
1004,51014C
5398,51014C
7532,51014C
1132,51014C
5398,51014L
1132,51014A
9120,51014A
9776,22366
4827,22366
4827,22876
1521,22876
1132,22876
1521,48111
9776,48111
4827,48111
1132,22847
1521,22847
4220,22847
5398,22846
1521,22402
9474,22402
1521,22400
5398,22400
9776,22400
9474,22400
9776,22399
5398,22399
4827,22399
1521,79302M
1004,79302M
1521,37446
1521,37449
9776,37449
1132,37449
7532,37449
7532,21231
4220,21231
1004,21231
9474,84509B
7532,22313
9474,22313
1521,22313
9120,22314
5398,21181
1004,21181
9120,21818
1521,21818
5398,22976
1521,22976
9776,21668
1004,21668
7532,21668
9474,21462
4220,21462
5398,21462
9474,22496
4220,22496
1004,22496
9120,84870C
1521,84870C
1004,84870B
9474,84870B
1132,22765
4827,22765
9474,21351
1004,21351
9776,21191
9120,21191
9474,21191
9776,22581
9474,22581
5398,22581
1521,22639
4827,22639
5398,22639
1004,22639
1521,22579
7532,22579
1132,22572
9120,22572
9776,21809
9120,21147
1132,21147
4827,21147
1521,21147
1004,22640
4827,22640
1004,22641
4220,22641
4220,22638
4827,22576
9474,22576
4827,21817
7532,21817
9776,21813
7532,21813
1521,21813
7532,21808
4827,21808
1004,21014
9776,21014
9474,21014
9474,21018
9120,21018
9474,22946
7532,22946
9474,M
4827,22816
9474,22816
1521,22818
9120,22660
1521,22660
5398,22660
9474,21761
1132,21761
5398,21781
1521,85032D
4220,85032D
1521,22696
9776,22696
1521,84360
4827,84360
9776,84360
4220,84360
9120,35954
9120,35957
4827,35957
1521,35957
7532,84760S
9474,84760S
7532,72816
1521,72816
9474,35598D
1521,35598D
1004,35598D
9776,85045
1004,85045
4827,85045
9776,21352
9474,22065
4220,35598B
1004,35598B
4220,85048
9474,85048
4827,22589
5398,22578
4220,22578
9120,22578
1004,22855
1521,22855
7532,22855
4827,21864
1004,21864
9120,21864
4220,15056P
5398,15056P
1521,85174
1132,82615
4827,82615
4220,82615
1004,85038
9120,85038
1521,85038
9776,85038
9776,20971
5398,20971
9474,20971
1004,21354
4220,21354
9474,22965
1132,22965
5398,22965
1004,22965
4220,21374
9120,21374
7532,21374
1004,21365
9776,84032A
1521,84031A
9120,84031A
9474,84031A
1521,21509
5398,22025
1004,22725
9120,22725
5398,22725
4220,37448
9474,37448
5398,22421
1132,22421
9474,22421
4220,22421
1132,17003
9474,17003
5398,17003
1004,17003
1132,84997A
1521,84997A
5398,21136
7532,71477
9120,22030
9474,22030
5398,22030
7532,22135
5398,90214M
1004,90214V
4827,90214V
1132,90214V
4827,90214S
4220,90214J
1521,90214J
7532,22378
7532,21888
9776,21888
1132,21888
4827,21888
5398,21789
1521,21789
1521,21238
9776,21238
1521,21629
4827,72807C
5398,72807C
9120,22497
9474,21850
1132,21850
1004,20978
4827,20768
4220,22081
1004,20780
1132,20780
4220,20780
1004,21398
1521,21398
1132,21398
7532,22476
1521,22476
1521,21643
4827,21643
7532,21620
1521,21620
5398,22260
9776,22260
9776,22136
5398,47591B
9120,47591B
5398,22519
9474,22519
9120,22519
9776,21472
1132,21877
1004,21877
1521,21877
7532,22524
9776,22524
4827,22524
1132,22524
9776,20765
4827,20765
4827,21704
9474,21703
4827,21703
1004,85035C
9120,85035C
4220,72803A
9776,72803A
5398,72803A
9474,72803A
9776,20682
1521,20682
1132,20682
4220,40001
1004,21709
4220,21709
9120,21709
1132,21709
5398,22220
4827,22220
1004,85034A
4220,85034A
7532,85034A
4220,72798C
5398,35271S
4220,21380
7532,21380
1132,21221
1521,21221
9776,21221
1004,21221
9474,20755
9776,20755
4827,20755
1132,21421
9474,21421
9474,21422
7532,21422
9776,21422
4220,22617
5398,22617
1132,22863
1004,22863
1004,22792
9474,22792
9120,21364
9474,21364
4220,21364
4220,21042
7532,47567B
1521,47567B
9120,47567B
9776,47567B
9474,22272
5398,22272
4220,22272
1132,21172
1004,72760B
1521,22602
4220,22365
9474,22365
4827,22507
1132,22507
5398,22507
1132,62096A
5398,62096A
1521,62096A
5398,85071D
7532,85071D
9776,21272
1004,22044
1132,22044
1521,21918
4827,21918
1004,21918
9776,22029
1004,22029
5398,22029
9776,22037
9474,21360
5398,21360
9474,84077
9120,84077
4220,22898
4827,22898
9474,22898
7532,22898
7532,84792
9776,84792
1521,84792
9776,21356
4220,21356
1521,21356
1521,85175
1004,20893
4220,20975
9474,20975
9120,20975
1004,20975
4220,22440
5398,22440
4220,22434
1132,22434
1004,22434
7532,22564
9120,22564
4220,22564
9474,21215
5398,21058
9776,21060
7532,21060
1132,21060
1521,21060
7532,21719
4827,21722
9120,21722
9474,21722
7532,84826
4220,84826
1132,21881
4827,21881
7532,21881
1521,10135
9120,22422
9474,22536
1004,22536
4220,22491
4220,21355
5398,21355
4220,21518
9120,21518
1521,21518
9776,22023
7532,22023
4827,22023
5398,22023
9474,22027
1004,22027
1521,22027
1004,22718
4220,22717
9474,22717
1521,22717
9474,22028
9776,21669
7532,21669
4220,21669
5398,21669
4220,21671
9120,21671
9474,21671
9474,21673
4220,21673
1521,21673
5398,21673
1132,22460
4220,22432
4827,22432
1132,22433
1521,22431
9474,22431
9474,84674
5398,21069
4220,21069
9474,21069
7532,21070
9474,22419
9776,22419
5398,22419
1004,22419
4220,22676
9120,22676
9776,22676
9776,22672
9120,22928
5398,22928
1004,22928
9120,22777
9474,22777
1132,22777
1521,22477
5398,22477
9776,21875
7532,22924
1521,21217
5398,21217
9776,21217
4220,22301
4827,22301
1521,22446
4827,22446
1132,22446
5398,22832
1004,20674
4220,20674
9120,20676
9120,82582
9776,82582
9120,22170
4220,22170
7532,21679
1132,21428
9474,21428
9120,21868
1521,21868
7532,21868
1132,22840
9776,79191C
1132,79191C
7532,79191C
4827,20733
9474,20733
7532,47471
1004,47471
5398,16046
4220,16046
7532,16046
1521,16046
4220,22796
1132,22796
1521,22733
9776,22733
4827,22560
5398,22560
7532,22560
9120,22559
1132,22559
4827,22559
9120,22896
1132,20967
1521,20967
9120,20967
5398,84031B
4220,84031B
4220,21430
4827,21430
7532,21430
1132,21430
1521,21313
5398,21313
5398,47566B
4827,47566B
1004,47566B
1132,22499
9120,22499
7532,22499
7532,22090
1004,22090
9474,22071
4827,22070
7532,21216
9120,21216
9120,20983
9776,21537
9776,21527
4220,21527
9120,21538
1132,21538
4220,85216
5398,85216
9120,22131
4220,22131
4827,22131
9474,22131
1132,21163
9776,21158
5398,21158
1132,21161
7532,21161
4220,21161
1004,21161
4220,21159
9474,21390
4220,21390
5398,21390
9776,22335
9120,22335
5398,22335
7532,22335
1132,22285
1004,22284
9776,22284
9120,22284
5398,21383
9120,21383
4827,21381
9120,21381
1521,21381
1132,47590B
9120,47590B
4220,47590A
9474,22210
9776,22210
1004,22210
4827,22209
9474,22208
9776,22208
9120,22208
5398,22208
1132,21872
9776,21872
4220,21872
7532,22822
4827,22822
5398,22822
9474,22385
7532,22385
9120,22385
9776,20969
4827,20970
7532,20970
4827,22374
1004,22374
9474,22374
5398,22375
9120,22375
5398,21741
1132,21741
9120,85061W
4827,21385
7532,21385
9120,21288
9776,21288
1132,21803
9776,21801
5398,21801
1004,21801
4827,40016
1521,40016
7532,40016
1004,40016
5398,22202
1132,22202
1521,22202
1004,22202
4220,21064
9120,21064
1132,21064
5398,47591D
1004,47591D
1132,47591D
7532,84341B
1004,84509G
9776,84509G
1004,16235
5398,16235
9120,16235
7532,20986
5398,20986
4220,20832
9474,20832
4827,84846A
1132,84846A
5398,22442
9776,21563
7532,21769
1004,21769
4827,21769
1132,85227
4827,20798
4220,20798
1521,22669
1132,22320
4220,21249
1004,21249
1132,21249
4827,21249
9120,21561
1132,85132A
4827,85132B
7532,85132B
1004,85132C
1132,22215
4827,22215
5398,20675
1004,20675
4220,21239
1521,21239
9120,21239
5398,21207
9474,21207
9120,21207
4827,21207
9776,21987
1521,21988
4827,21988
4220,21989
1004,21989
5398,22316
1132,22316
1132,22332
7532,22437
4827,22437
1132,22437
5398,21206
4220,21206
9474,21206
9120,21206
9474,20677
5398,20677
4827,22806
5398,22806
1521,22893
9776,22893
1132,22841
9474,22841
4827,22841
4220,85159A
7532,85159A
5398,21784
1004,21784
4827,21784
4220,22849
9474,22849
5398,22849
4220,17090D
1132,17090D
9474,17090D
7532,17090A
4827,17090A
1521,17090A
9120,17090A
7532,72127
1521,72133
4220,72133
9120,72133
4827,84763
1132,84763
7532,85127
5398,85127
1004,85127
4220,22450
9474,22450
5398,22450
9120,10124G
9776,10124G
9474,10124G
4827,84519B
9776,22505
7532,22505
1521,22505
1004,22505
5398,22514
4220,22514
1132,22514
1521,22862
1132,22862
9474,21504
1521,21504
9776,21504
5398,21504
9474,22292
5398,22292
7532,22292
9120,22292
9474,21211
5398,21211
1132,21211
4827,21974
1132,22045
9120,90175C
5398,90175C
5398,90180A
9776,90180A
9120,90178A
1004,22746
1521,22746
4220,22746
4827,22986
1132,22986
1521,22986
9474,22986
4220,20984
1004,22436
5398,21465
1521,21465
4827,21465
1521,21470
4827,21470
1004,21470
1132,21470
9776,16012
4827,85025C
1132,21851
7532,21849
1004,21849
1132,21849
9120,85124B
1004,85124B
9474,85124B
1132,85124C
7532,85124C
1521,20828
9474,21830
4220,21830
1004,21623
1132,21623
9120,21623
1132,85177
4827,85177
1004,85177
9120,85177
9120,84946
4827,84946
9776,22169
9474,22169
9776,16156S
9120,16156S
1004,16156S
4220,85049F
1521,85049F
1521,22426
4220,22426
5398,22426
1132,22190
9120,22190
1521,90082D
9776,90082A
1521,90082B
7532,90081A
4827,90081A
4220,90081A
4220,90204
4827,90204
4220,90185B
5398,90195A
9474,90195A
1004,90195B
4220,90195B
4827,90195B
7532,90196A
4220,90196A
1132,90199A
9776,90177C
4220,90177C
4827,90186A
9120,90186A
9120,20894
7532,85106
1132,21415
7532,21415
9474,21416
7532,21416
9776,21416
1132,21417
4827,21417
1004,22343
5398,22343
9776,22474
1132,18097A
4827,18097A
4220,18097A
9474,18097A
9776,18097C
7532,18097C
4220,18097C
1004,22977
9776,22977
4220,21899
4827,21911
5398,21911
1521,21911
9120,21911
9776,21902
1004,21902
5398,21902
1521,21902
5398,21901
9120,21901
7532,21901
5398,21948
1521,21948
1132,21949
4220,21949
9474,21949
1004,21949
7532,20759
5398,20760
4220,20757
1521,20757
4220,20981
1004,85185D
9474,85185B
1004,79164
4827,79164
7532,84683
7532,21745
9120,21745
4220,21745
9120,79163
9474,79163
1521,79163
4827,22175
4827,21155
4220,21155
4827,15060B
7532,21700
9776,21700
4220,21700
4827,22985
9474,22821
9120,85114A
1004,85114A
1521,22705
1132,22705
9776,20724
9776,22084
4220,22356
4827,22356
7532,22356
1004,22356
9776,22380
9120,22380
1004,72801C
9776,72801D
4220,72801D
9120,72801D
4220,21735
4827,21735
4827,21500
5398,15036
1004,15036
1132,21408
1521,21408
9120,21408
9776,BANK CHARGES
9474,20718
1004,20718
9474,21539
1004,21539
7532,21539
9474,22341
1521,22341
7532,22452
4220,22452
9474,22452
5398,21508
9776,21508
1132,21507
9474,21507
1004,21507
4827,21507
1004,21499
4827,21499
9776,21499
4827,20719
7532,20719
9474,85178
9776,84952C
7532,84952C
1004,84952B
7532,84952B
9474,71459
4220,35001G
4827,35001G
7532,35001G
1521,22264
4220,20665
5398,20665
9120,20665
5398,22181
9474,22181
1521,21392
1132,21392
9120,21392
5398,21393
9120,21393
4220,21393
4827,21268
9120,85144
5398,21025
1004,21025
4827,21025
1132,21025
9120,21031
1004,21031
9120,21030
9776,21030
5398,21030
9120,21026
9474,21026
5398,21032
1132,21578
4827,21578
9120,21578
1004,21578
5398,22350
9474,22350
7532,21357
1004,21357
9776,21357
5398,21357
4220,20766
5398,20766
1004,21399
4220,21399
7532,21399
1521,22562
5398,22562
4827,22562
9120,21714
5398,21714
4220,21990
9120,20751
5398,20751
9474,20751
1521,21993
1132,21993
4220,20752
4827,20752
9776,20752
1132,20752
9776,22636
5398,22636
1521,22636
1521,21426
9474,21426
9474,21581
9120,90002D
4220,90002D
4827,82551
5398,82599
9776,82599
7532,21908
5398,21908
4827,21908
4220,21908
4827,82583
1521,82583
9776,21174
9120,21174
9776,21900
4220,70006
7532,70006
1521,22031
9120,22031
9776,79067
9776,21788
1521,21788
1132,21788
4827,21788
9776,22408
9120,22408
1004,22408
5398,22406
1004,22406
1132,22405
7532,22405
4827,84950
5398,84950
4220,84950
9474,84950
4827,22275
7532,22275
1132,22275
4220,37450
9120,37450
9776,37450
4827,22043
1521,22043
1132,22042
7532,22089
9474,72799E
1132,72799E
9776,85066
5398,85066
1521,85066
4827,85066
5398,21129
1004,21129
1132,21129
9120,21129
4220,21059
4827,21059
9776,21059
4220,22877
5398,22877
1132,22877
1521,22869
9120,22878
9776,22430
1521,22430
1132,22430
4220,22430
5398,22425
9474,22425
9776,22425
1521,22425
1521,21240
1004,21240
7532,21240
9474,22207
4827,21927
5398,21927
9474,21927
5398,21925
4827,22763
1004,22763
9474,22763
9120,22334
9776,21349
5398,22655
9776,22655
7532,22060
9776,22060
1004,22060
1132,22061
9776,22061
4220,22061
7532,21531
4827,21531
9776,21531
5398,21039
9776,21157
1132,21157
9776,47559B
9474,47559B
1521,47559B
9474,22649
1521,22649
4827,22649
7532,16161P
1004,16161P
1132,16161P
9120,16161M
9776,16161M
1521,16161M
1521,85214
1004,85214
4220,85214
4827,72232
4827,84247G
9120,22890
1004,22890
4827,21530
1132,21530
7532,21530
1132,21528
9474,21528
4827,21820
9776,21821
1521,21821
9120,21821
1004,22162
1132,21114
5398,21114
9120,20615
1521,20615
4220,20615
5398,47021G
1004,47021G
9120,22443
9120,20681
4220,22605
1132,22605
1004,22155
9776,21807
1004,21807
1004,22161
1521,22161
9120,22161
7532,22161
1132,20956
9120,20956
4220,20956
1004,20956
9474,22067
9120,22067
1521,22689
4220,22689
9474,22689
1132,22591
7532,22591
4220,22276
7532,22276
5398,22276
1521,22503
9776,22503
1004,22504
9776,22158
1132,22158
4220,22158
4827,22944
9474,22944
7532,22944
1521,22944
9776,22747
1132,22747
9474,22747
5398,22621
9120,22621
9474,22845
4220,22845
9776,22845
1521,79000
9776,79000
4220,22802
7532,22802
4220,22078
4827,22078
9120,22078
1004,22078
1521,85049B
4220,85049B
9776,85049B
9474,85049B
1521,21878
1132,85131A
1004,85131A
7532,85131A
4827,22300
1521,22300
4220,10123C
9474,10123C
1004,10120
4827,84006
1004,84006
4220,20767
9120,90094
5398,90094
5398,22758
4827,22758
7532,21882
9474,21884
4827,22756
4220,22757
9776,22757
5398,22757
1132,22154
5398,22154
4827,22154
9120,84993A
4827,84993A
4220,84993A
4827,84987
1521,84987
9474,84987
1132,84987
7532,20998
4220,21407
9474,21407
4827,21407
9120,21407
1521,22702
5398,22702
9120,22702
4827,22550
1521,22550
9474,22076
1521,84925D
4827,84520B
4827,21078
9120,21078
9474,21078
1004,17084R
1132,17084R
7532,17084R
5398,17084R
9474,17091J
7532,85018D
4827,85018D
9120,22732
7532,47503J
1521,47503J
4827,37464
1132,84247N
7532,84247N
9474,84247N
4827,84247N
9474,84247K
5398,84247K
1521,84247K
1132,84247K
5398,22035
1004,21250
9474,21250
9120,21250
1521,21250
4220,21677
9120,47504K
7532,47504K
1132,84212
7532,84212
5398,84212
1132,21828
1521,21828
4220,21377
9474,21377
9776,21377
9776,21379
1004,21379
1132,21379
9776,37489D
4220,37489D
1521,37489D
4827,17107D
5398,17107D
7532,17107D
9120,17107D
1004,22132
5398,22132
9474,22132
1521,22133
4220,22133
1132,22133
9474,37489B
4827,37489B
9120,37489C
7532,21564
9120,21932
1521,21933
9474,21933
7532,21933
5398,21933
1004,21100
9474,21100
9120,37489A
5398,37489A
4220,37489A
1004,37489A
5398,22072
5398,84534B
4220,84534B
1004,84534B
1132,84536A
9120,84536A
7532,84536A
9776,21905
1004,21905
9120,21164
1132,21164
9776,21164
1521,47566
9120,47566
1004,21945
7532,21945
9474,22844
9776,22844
9120,22844
1132,22414
9474,22414
9120,22414
9776,21906
1004,21906
9120,21906
7532,22456
9776,22456
9120,22456
1004,22456
1004,22116
9776,85130A
1132,85130A
4827,85130A
9120,85129C
4827,85129C
9474,22080
9776,22948
9474,22948
1004,22246
5398,22246
1521,22246
9474,35967
1132,22299
5398,22299
7532,22299
4220,84849A
5398,22304
1132,22304
4827,22304
7532,21165
4827,21165
9120,21165
5398,84559A
1521,84559A
9120,84559A
1004,84559A
4220,84559B
4827,84559B
7532,84559B
9120,22137
1521,85230B
5398,85230B
1521,85230F
9120,85230F
9474,85230F
9474,22306
4220,22331
9120,84849D
5398,84849D
1004,21446
1521,84507C
1004,84507C
9474,20910
5398,20910
4220,82616C
1004,82616C
9474,82616C
1132,82616B
9120,21558
1132,21558
9776,21558
9120,22409
1004,90128B
4220,90196B
1132,90196B
9776,90198B
4827,90198B
9120,90152B
9776,90152B
1132,90152B
4827,90151
1521,90151
1132,90151
5398,90151
1132,20661
4827,20661
1521,20652
4827,21845
9120,21845
1132,22398
1004,22398
4220,22398
5398,20854
9474,20854
1132,20854
1521,84877D
9120,84877D
9120,20657
1521,47422
1004,47422
9120,21642
9474,21642
5398,21642
1004,21642
9120,20658
4220,20658
5398,20658
9120,22396
4220,47503H
1132,47503H
7532,47503H
1004,47503H
1132,72130
1004,72128
9120,72128
4220,47343A
1521,47343A
9474,47343A
1132,72802A
7532,72802A
1004,72802A
4827,72802A
4827,84581
9120,84581
4220,84581
4827,84580
7532,72807B
9776,72802B
5398,72802B
9120,21054
4827,21054
1521,21054
9120,21991
7532,21991
9776,84562A
1132,84562A
5398,21936
1521,21936
9776,21040
5398,21937
4827,22701
9776,22359
1132,22359
4220,22361
1521,22361
7532,22361
9776,22362
1521,82011C
1004,84865
1521,21287
1004,79337
9776,79337
1132,79337
5398,85111
9120,85111
9474,22307
1132,85078
9120,85078
4827,85036B
9120,85036B
1004,85035A
4220,85035A
9120,85034C
9776,85034C
9474,85034C
7532,85034C
1521,84614A
7532,84614A
4827,84614A
1004,84614A
1004,22509
5398,22586
4827,22586
1132,22586
5398,22348
9776,22348
4220,20829
9120,20829
9776,20829
9776,21224
9776,21721
4827,21721
7532,21721
9776,84988
5398,84988
7532,21947
9120,21726
5398,22200
9120,22200
9474,22200
1132,20697
9474,20699
4827,20699
9776,20699
5398,20699
5398,22671
4827,22671
4220,22671
1521,22671
4827,85135C
9776,20936
7532,20936
5398,21876
9474,21876
9120,85054
1004,85055
7532,85055
9120,84924A
9474,84924A
1132,84924A
1004,35810B
5398,35810B
1004,35241
4827,21112
7532,17109D
4220,17109D
7532,21011
1132,21011
1521,21011
1004,22853
5398,22853
1521,11001
4827,11001
4827,85034B
5398,85034B
9120,72800D
5398,72800D
1004,84819
1004,90185D
5398,90185D
1132,90175A
9474,90175A
7532,90175A
7532,22458
4827,22459
1132,22459
5398,22156
4220,22156
9776,22156
1521,22079
7532,22079
9120,22079
9776,90162B
1004,90162D
7532,90162D
9776,90162D
4827,21626
1132,90167
7532,22403
9474,22403
5398,22403
1132,22403
9120,22563
1521,84827
9776,84827
9120,22799
4827,22305
1004,22305
4827,20856
5398,20856
9776,20856
1521,84898F
4220,22415
9776,22415
4827,22415
1004,22415
7532,22255
9776,22255
1521,22255
7532,22256
9776,21447
1521,47310M
5398,47310M
4827,47310M
7532,22525
9120,22525
5398,22525
4827,22525
9474,22479
1521,22479
1521,22478
5398,22478
4827,22478
4220,84508B
7532,84508B
9474,84508B
1004,84508B
1521,21787
1004,21787
5398,21787
1521,21774
5398,21439
9120,21195
9776,21555
1132,21555
5398,84279P
4827,84279P
9120,84279P
1004,21829
4220,22390
1004,22390
1132,22390
9474,22390
4827,22483
1132,22483
9776,84963A
4827,84963A
9120,84963A
4220,72349B
9474,72349B
1132,72349B
7532,84993B
1004,84993B
9120,84993B
5398,84993B
9474,20686
9120,85206A
7532,85206A
1004,85206A
4220,22021
1004,22021
9776,22021
4220,35965
9474,35965
5398,20684
9120,20684
7532,20684
1004,84536B
9776,84596G
1004,21110
4827,21110
7532,21110
5398,21445
9776,77101A
4220,77101A
1132,84358
9120,84358
4220,84358
7532,21294
4220,21468
1521,22123
9120,22897
9776,22939
9474,22939
4827,21836
1521,21836
7532,22788
1004,22184
1132,22184
9474,22184
4827,22184
7532,71279
1132,71279
9120,71279
5398,22761
9474,22769
9474,22762
1004,22762
4827,22762
9120,21802
9474,21802
9120,22598
9776,22598
1004,22532
9120,22532
1132,21413
5398,21413
4827,21413
1132,79149B
1004,79149B
5398,79149B
9474,21682
5398,21682
1521,21682
9474,78034B
4827,78034B
1521,78034B
9120,22894
9474,22894
1004,22894
4220,79151B
9120,79151B
7532,79151B
5398,79151B
1132,21090
4220,21090
7532,21090
9474,21209
4827,22354
9474,22354
9474,21635
4220,35471D
1521,35471D
1004,35471D
9776,35653
1521,35653
1132,35653
1132,85130D
4827,85130D
9474,15039
9776,15039
5398,84978
4220,84978
4220,84569D
4827,72351A
5398,72351A
1521,72351A
1132,84921
1521,22439
1132,22439
4220,22439
4827,84508C
5398,84508C
9776,84508C
1132,84508C
5398,90086
4827,90086
1132,90086
9120,62018
4827,62018
9776,16011
1004,16011
9120,16011
7532,16011
9120,85179A
4827,85179A
4220,85179A
9776,85179A
9776,21785
4827,21785
7532,21785
5398,21650
9776,21650
4220,21650
7532,84874B
9120,84874B
9474,22674
4827,22674
7532,85167B
4220,22412
7532,22412
1521,22412
4827,72051S
9776,72799F
9776,20764
5398,20764
4220,20764
4220,84535B
1132,84535B
9120,84535B
1132,47579
4220,47579
9474,47579
9474,21723
5398,21723
9120,21723
4827,21723
9474,35953
1004,35953
1004,84051
5398,21187
1132,21187
9120,21696
9474,21696
5398,22034
1004,20980
7532,20980
9120,20980
9120,35958
9474,35958
1132,35958
1004,75013B
1521,75013B
5398,75013B
1004,22830
4827,22830
9474,22830
4220,22684
7532,22684
9120,22684
4827,22684
1521,82011B
1004,21630
9474,21630
9776,21630
7532,21630
9120,21580
4827,21580
9474,22231
9776,22231
1521,22231
1132,22859
9120,22859
1132,22860
9120,22860
5398,22093
9776,22091
5398,21865
1004,21865
1132,21865
5398,20748
4827,20748
1004,20748
1132,85208
7532,85208
9474,85208
9120,22129
4827,22129
5398,22129
7532,22808
1132,22808
1004,21109
5398,21109
7532,21109
1521,20702
5398,85187
1132,85187
9120,85187
4220,22891
9474,22891
9776,21683
5398,21683
5398,22770
1004,22770
7532,22770
1521,84563B
4220,84563B
4827,84563B
7532,82613B
1521,82613B
9120,82613B
1004,79190A
9776,79190A
1521,79190A
1132,79190A
9120,15034
1521,15034
5398,15034
9474,15034
7532,47593B
9776,47593B
9474,47593B
1004,85129D
9776,85129D
1521,85129B
1004,35924
9474,35924
9776,21624
4220,21624
7532,21624
4827,20671
7532,20671
9474,20671
1521,21903
4220,21903
9474,21903
4827,21903
1132,21904
9776,21904
1004,21904
5398,21361
1004,22843
1004,22199
9120,22199
4827,84968A
5398,84968A
1521,37509
9120,47369A
7532,47369A
1132,47369A
9120,47369B
7532,47369B
9120,47367B
4220,47367B
7532,47367B
9776,47367B
9474,22337
9120,22337
9776,22337
1521,22337
9474,21695
9120,21695
1132,21695
1521,21695
4220,84773
9120,84773
1521,21424
9120,21424
9474,21424
7532,21819
1132,21819
9776,21819
1004,22817
5398,22817
5398,16161U
9776,16161U
1132,22251
4220,22251
4827,22252
1521,22069
9120,22069
1004,22069
4220,22069
9474,21401
1004,84597C
1132,84597C
9776,51020A
7532,51020B
4220,51020B
9776,21306
1004,21311
4827,21311
7532,21311
1132,21307
9474,21277
9776,21277
1132,21277
1132,22475
1521,22475
1132,90200E
7532,90200E
1132,90062
9474,90062
7532,90062
7532,21616
7532,37461
4220,37461
9776,20655
9120,20655
1521,20659
7532,20659
9474,20659
4827,20659
4220,20985
1132,20985
9120,20985
4827,84596L
1004,84596L
5398,84596L
1004,84596F
5398,84596F
4220,22346
1521,22346
5398,22344
9776,22344
1004,22345
1521,85215
9474,85215
4220,85215
4827,85062
1132,85062
7532,85062
9120,84658
4827,84658
1132,84658
1132,18098C
1521,18098C
4827,85016
4220,85016
9120,85016
4827,22984
9120,22984
5398,22984
9474,22984
5398,85015
1004,85015
9474,22134
1004,22134
1132,22134
9120,22949
9776,22949
4827,85036C
4220,85036C
1132,85170D
9776,85170D
9474,85170D
4220,21640
5398,21202
9474,21202
1521,35971
9120,21822
1004,84531A
4220,84531A
4827,84531B
1521,84531B
4220,84531B
5398,21910
1521,22461
9776,22461
7532,22461
9474,22461
4827,22833
7532,22833
4220,22833
1132,22833
1004,22690
7532,22690
1004,84881
1132,21613
7532,21613
1004,21693
4827,21693
4220,84809A
9776,84809A
1521,79190D
7532,79190D
1132,79190D
5398,22157
9474,84795B
1132,79191B
1132,22831
9776,22831
9120,22831
9776,20770
9776,20771
4220,20771
5398,20771
1004,37327
1521,22283
9120,22283
7532,85027L
4220,85017C
1521,85017C
1004,85017C
1521,16010
1004,35001W
5398,35001W
1132,84707B
9474,84707B
9120,21167
1521,21167
1004,21167
9120,51008
9776,51008
4220,51008
1004,51008
9120,22811
9120,21713
1004,21713
4220,20802
9474,22052
1521,22052
4220,20781
7532,20781
1521,20781
4827,20781
4220,22389
1132,22389
9120,22389
7532,72807A
4827,72807A
9120,72807A
9474,84840
1004,22073
9120,22073
7532,22073
5398,22279
9776,22279
7532,22280
1132,22280
5398,22280
4220,18007
9120,18007
1132,18007
4827,21675
4827,21720
9776,21720
1132,84968F
9474,79030D
9120,79030D
5398,79030D
9120,21291
1521,21291
1004,21289
1132,21289
1521,22606
4827,22606
9474,22606
9120,37479B
9776,37479B
9474,37479B
9474,37482P
7532,37482P
9776,20903
5398,20903
1132,20897
9776,71403
9474,22683
7532,22683
1004,22683
4827,22685
1132,22685
1004,22685
9474,22685
1004,21973
1132,48188
4827,22691
4827,47594A
9776,47594A
4220,21162
1132,21162
5398,84926D
9120,84926D
7532,84926D
4827,84926A
9120,22233
1004,22233
1521,22233
9474,22233
5398,35400
4220,22486
1004,22486
1132,22486
4220,72801G
9776,72801G
7532,72801G
1132,84711A
4220,84711A
4220,16169N
1132,16169N
4827,16169N
1521,20769
1004,20769
4220,20769
4827,35597A
9474,35597A
4220,47480
1004,84522
7532,84522
1132,20731
4220,35597B
9474,35597B
9776,35597B
4827,21253
1132,21366
1004,21366
4220,21366
4220,21219
4220,84596B
4220,21226
1004,21226
1521,21226
1521,21725
9474,21725
1521,79030G
4827,79030G
9120,79030G
1004,79160
5398,79160
9776,79160
5398,22203
9776,22329
9120,22329
1521,22329
9474,72351B
4220,72351B
4827,21648
9120,21648
9776,72131
4220,72131
7532,21089
1132,21089
1521,21089
9776,21647
9776,72122
1521,72122
9474,84912A
4220,84912A
9776,84912A
5398,85036A
1521,85036A
4827,85036A
1004,85036A
9474,21692
4827,21618
9120,21618
9474,21618
5398,21618
1132,84569A
4827,84569A
5398,84569A
9474,20775
1521,20775
9120,90179C
4220,90179C
9474,90179C
4827,90179C
1521,90060D
1521,85020
7532,20861
1521,20861
9474,20861
1521,21827
4220,21827
5398,79051A
1521,79051A
4827,79051A
1132,85169A
5398,85169A
9474,85169A
5398,17007B
1004,17007B
9776,17007B
1132,17007B
1132,22339
9776,22700
1004,22700
9474,22700
1004,10124A
5398,10124A
9120,21644
4220,21644
1521,21644
1132,46000P
1521,46000P
7532,21638
1132,21638
4827,21638
9120,22681
1521,22681
9776,22681
1132,22681
9776,21746
5398,21746
1004,21746
7532,21746
9474,84916
1132,40005B
5398,40005B
5398,18094C
9776,18094C
1521,22085
9776,22085
9120,47586A
4220,47586A
5398,46115B
4220,46115B
1132,84975
4827,84975
1004,21336
7532,21336
1132,15044C
9776,15044C
7532,22673
4827,22673
9120,22673
1004,21262
1132,21262
1521,21262
9120,21262
5398,22050
9474,22050
5398,21680
9474,20819
5398,20819
7532,84925F
5398,21812
9120,22535
5398,22535
4827,22535
9120,21547
9776,16169K
7532,16169K
9474,16169K
7532,84707A
9474,84707A
4220,21617
4220,21001
7532,21001
9776,21000
7532,21000
4827,22693
9120,22693
1004,22693
7532,20782
1521,20782
1004,20782
1132,21397
1521,21397
1004,35646
4220,35646
9474,35646
4827,47574A
5398,47574A
9776,47574A
7532,47574A
1004,72819
4827,72819
9120,84665
9474,84665
5398,84665
7532,20857
4220,22908
7532,22908
1521,22908
1004,22908
4827,21627
9120,85047
4827,85047
9776,85047
1004,22498
7532,22498
5398,22498
1521,84725
4827,84725
4220,84725
9776,37479P
9474,37479P
1004,21534
1521,22515
4827,22515
9474,22515
1004,22518
7532,22518
4827,22518
5398,22101
1521,22101
5398,22545
9776,17038
9120,17038
9776,21012
1521,84912B
1132,84912B
9776,84912B
1004,84912B
4220,84388
1132,17084J
4220,17084J
7532,84968D
1521,22613
1132,22613
9776,22613
9120,22613
7532,22211
1004,22211
1004,22903
1132,22903
9474,22903
1004,22026
1132,22026
9120,20839
1132,20839
4827,37340
5398,37340
1004,37340
4220,21171
9474,21171
9120,85232D
9474,21773
1004,21773
9776,21689
7532,21689
5398,21689
1132,84247E
9120,20762
7532,20762
5398,85170B
4827,84596J
4220,84596J
9474,85170A
4827,85059
4220,85059
1004,84497
5398,84497
9776,84497
9474,85026B
9776,85026B
9120,85026B
9120,90175D
5398,90175D
7532,82001S
9474,82001S
1521,82001S
1004,22495
9474,22495
5398,22495
4220,85176
9474,90212B
1521,90212B
4827,90212B
1132,90212C
5398,90212C
1521,90212C
1132,22708
9474,22048
4827,22048
5398,22048
1132,22048
4827,22057
1521,22057
9474,22057
1004,22057
7532,37447
5398,37447
9120,22930
9776,22931
5398,22931
1132,22931
7532,22931
4220,22932
1004,22937
9474,22937
1521,22937
9120,22710
1004,22710
9474,22710
7532,22051
5398,22051
9474,22936
9474,22935
4827,22935
1132,22935
1521,22935
5398,22789
4827,22789
1132,22789
9120,21275
5398,21275
1004,21275
4827,85068
7532,85068
9474,20716
5398,20716
9120,22167
9776,22167
4220,47348A
1132,47348A
4827,47348A
9120,47348A
9474,90214C
4220,90214C
9120,90214B
4220,90214B
5398,90214B
5398,90214K
4827,90214K
1004,20735
4827,20735
1521,20735
7532,85039C
5398,22448
7532,22448
9120,20996
5398,20996
1132,21686
4827,21686
9776,85024C
1521,85024C
9120,85024C
5398,85024C
7532,71038
9474,71038
4220,84613C
9474,84613C
5398,84613C
1521,84613C
1521,84828
9474,84828
9120,84910A
4827,20763
4220,21201
9120,21246
1521,21246
9776,21246
5398,21376
1004,21376
9120,21376
7532,21375
5398,21375
9776,21205
1521,21205
1004,21205
9120,20618
5398,20618
4827,21896
9120,21896
9776,16202E
7532,16202E
1521,16202E
1004,16202E
9474,22265
1004,22265
5398,47420
7532,22510
9776,22510
4220,22510
9776,48116
1004,48116
1521,72709
9474,72709
9776,72132
1521,72132
1521,85118
4220,85118
5398,35968
1132,35968
1004,35968
1004,22063
9120,22063
7532,90184B
1004,90184A
4220,90184A
1521,90184A
1004,84415B
9120,84415B
1132,84415B
7532,84415B
9776,20906
9474,20906
1521,20906
5398,20906
5398,20703
1521,20703
4827,20703
4220,20703
1004,90173
9474,90173
4827,90173
4220,22513
1521,22513
1004,71496A
4220,71496A
1004,71495B
4827,71495B
7532,71495B
9474,78124
1004,37500
9776,37500
4220,37500
1004,22166
9776,22166
9120,22166
9776,22145
5398,22163
1521,22163
1132,22163
7532,20761
1132,20761
4220,22138
1004,85230G
7532,85230G
9120,85230G
7532,35833P
9120,35833P
4827,35833P
7532,71215
1521,71215
1132,71215
4220,20886
4827,20886
4220,20695
4827,20695
7532,20695
1004,20892
9776,22324
9776,22820
1004,22820
4220,22820
9474,22820
5398,16168M
1132,16168M
9474,16168M
7532,16168M
4220,84952A
4827,84952A
9120,84952A
1132,84952A
9776,21846
4827,21846
1004,21846
1132,84706D
9120,84706D
1004,84706D
4827,22828
5398,22828
1132,21066
4827,21066
7532,21066
9776,21066
4220,21281
4827,21281
5398,21281
9120,22703
9474,22703
5398,22703
1004,21684
1132,21684
9776,84247L
7532,84247L
9474,84247L
9120,85170C
7532,85170C
5398,85170C
1004,85170C
9474,22516
9120,22516
7532,22523
4827,22523
9776,22523
9120,22521
1004,22698
9474,85053
9474,84875B
4827,84875B
1521,84875B
1521,84876D
9474,84876D
1004,90211B
9776,84192
1004,84192
1132,21628
4827,21628
9120,21628
9474,21628
5398,22254
5398,21615
4220,21615
1132,21615
9120,22236
9776,22933
9120,22933
5398,85107
7532,85107
1521,85107
4827,22741
9120,22741
1004,21051
1521,21382
9120,21382
4220,44234
1521,44234
5398,44234
9474,44234
9474,44235
1132,44235
4827,44235
4220,75131
1132,75131
1521,40003
9776,40003
1132,79190B
1004,90036D
4827,21535
4827,16015
1004,16008
4827,16008
4220,16008
5398,21284
1004,21284
9776,37444B
5398,37444B
7532,37333
4220,37333
9474,37333
5398,37333
9120,20778
9474,20778
1132,20778
7532,20778
1004,20758
4827,85039B
9474,85039B
1004,85039B
4220,85039B
5398,85040B
9776,85040B
5398,22319
1521,22319
5398,22824
4827,17084N
1132,17084N
1521,17084N
5398,17084N
1132,17084P
4220,21128
1004,21128
1521,21132
4220,21132
9776,84818
7532,84818
1132,84818
4827,21879
7532,21879
1132,84798A
7532,84798A
4220,22230
1521,22230
7532,22230
1132,85008
9474,85008
5398,84913B
4220,84913A
1132,84913A
5398,84913A
9120,84913A
9120,84915
1132,84843
9120,84843
4220,85032A
7532,85032A
1004,85032A
4827,85032A
9776,85032C
4827,35648
4220,37501
9474,37501
9120,37501
7532,84356
9120,84356
1132,84356
9776,22734
1132,47578A
1521,47578A
9776,47578A
7532,22679
1004,22416
1132,22416
5398,22416
9120,21562
1521,84228
9474,22856
5398,22856
9120,22856
4220,22934
1004,22934
9776,22934
7532,37475
1004,84951A
9474,84951A
9776,84951A
1132,84951B
4827,84951B
7532,22308
1521,22053
4827,22053
1132,22053
5398,22692
9776,22692
9474,22692
5398,21131
9776,20654
9474,20654
1132,17165D
1004,21442
5398,22291
1004,22291
4827,22291
4827,15058A
9474,15058A
9120,15058A
9120,20868
1004,21189
7532,84820
4220,84820
9776,84820
9474,85006
1132,85006
9776,84821
5398,84821
1521,84821
4220,84821
9120,84638
9474,84638
1004,84638
5398,84637
9120,84637
1521,22229
1004,22229
9474,22229
9120,16236
4220,16236
9120,22228
9120,16169P
9776,16169P
4220,16169P
9120,90081C
4220,90081C
1132,90081C
1004,16054
1521,16054
5398,16054
9120,84595E
4220,84595E
7532,84595E
1132,84459B
1004,35915B
9120,35915B
9776,35915B
9776,85086A
7532,85086A
4827,22628
5398,22377
9474,22377
1132,21261
1521,21261
4220,21261
5398,21261
1132,85084
1004,85084
9120,85084
4827,85084
9474,81950V
5398,81950V
1004,21942
9776,21942
7532,17012D
1004,17012D
9474,17012D
1132,17012B
1004,17012B
1004,17012E
1132,17012E
9474,17012E
7532,17012F
1004,17012F
9474,17012F
5398,17012F
1521,84609
1004,84609
9776,84609
4827,22055
9474,22055
1132,22055
5398,84631
7532,84631
9120,84631
4827,84799
1521,84799
5398,84799
9474,35004P
1521,35004P
1521,21454
9776,22201
7532,15058B
1132,15058B
9120,15058B
5398,15058B
9474,84789
4220,84789
7532,84789
5398,22393
1132,22393
4220,22393
9120,22391
1004,22391
9474,22391
4827,85230E
9776,85230E
1521,22826
9474,22826
5398,22826
4220,22852
1132,22105
9776,22105
9120,22102
4220,16225
7532,16225
1004,16225
4827,16033
9474,16033
1132,16033
1521,16033
9120,20830
4827,20831
1004,22420
9474,21944
1132,22677
9474,22677
1521,84509C
1132,84509C
1004,84509C
4220,90186B
4827,90186B
7532,90186B
1521,90186B
9776,90190C
1004,90190C
5398,90190C
4220,90003D
1521,90003C
9474,90067A
9776,90067A
7532,90067A
7532,90003B
9474,90003B
1521,90003B
1132,90003B
1132,21285
1132,21378
9120,21378
4220,21378
4827,85032B
4220,22857
5398,22857
5398,85017B
9120,22858
4220,22858
1132,22861
7532,22861
5398,22861
4220,22232
7532,22232
4220,21717
9776,20793
4220,20793
7532,20793
9776,17096
1521,16218
5398,20664
1132,20664
1004,20664
1004,47593A
4220,47593A
9120,47593A
9474,47593A
7532,20670
4827,20670
1521,21943
9776,21943
1521,21946
4220,21946
4827,21946
4220,20666
9776,20666
1004,20666
9120,20666
4827,82605
1004,82605
7532,21027
5398,21027
1004,21027
4220,21027
9776,85136B
1132,84882
1132,85031A
9120,85031A
4220,22546
9120,22546
9474,16216
7532,16216
1521,16216
9776,84660B
9776,21248
1004,21248
1132,20663
1521,20663
5398,20663
4220,21736
1004,22363
9120,22363
5398,84922
9474,84922
1521,85040A
4220,85040A
7532,85040A
7532,90036E
9120,90036E
9776,90160A
1004,90160A
4220,90160A
5398,90160B
1521,90160B
9776,90160B
9474,90161B
9120,90161B
4220,90161B
4220,90160C
5398,90160C
1521,90160C
4827,90160D
1004,90160D
9474,82011A
4220,82011A
1132,82011A
9776,82011A
7532,20801
7532,85183A
9120,85183A
9474,85183A
1521,35610B
4220,35610B
4827,35610C
9776,35610C
1004,35610C
1521,84927E
7532,84927E
1004,84927E
5398,84816
1132,84816
4827,90129A
9776,90129A
5398,90129A
9474,90129A
1004,90120D
4827,90120D
7532,22512
9120,22512
4827,72780
9120,21619
1521,21619
9776,22954
1004,22954
4827,22611
1521,22611
1132,22675
1521,22047
9120,22047
7532,22047
9120,22214
4827,90162C
1132,90162C
9776,90162C
9776,90078
4827,90078
1132,90078
4220,90078
1521,90014B
9120,90014B
9776,90147
1521,90147
1004,90147
9776,90032
4827,21331
9474,21331
1132,21331
9474,20846
9776,21666
1004,21666
1521,20847
4827,20847
9776,20847
9120,20848
9776,20848
5398,20826
9120,21145
5398,22723
1132,22723
9120,22723
4220,22722
9474,22722
9776,22720
1521,84575A
9776,84575A
5398,84575A
5398,84313C
5398,84313B
9120,84313B
7532,90125D
7532,21473
4827,21473
9120,90210A
1521,90210A
5398,90210A
4827,20704
4827,84823
9474,85169D
4220,90057
4827,90057
9776,90057
1132,90210C
9776,90210C
1521,90210C
1004,90210C
7532,90210D
9474,22656
1132,20803
4827,20803
4220,22342
9120,22342
4827,22342
1521,22782
9776,22782
4220,22782
7532,84766
9120,84766
9120,35095B
1132,35095B
1521,35095B
7532,22887
5398,22887
9474,22887
1004,22887
1004,22884
1004,84817
1521,84817
9776,35832
7532,35832
5398,84927A
4220,84927A
4827,22721
1521,22721
9120,22721
1132,22721
9120,20622
5398,20622
1004,20622
4827,35651
9120,35651
1004,35651
9474,35651
9776,84917
9474,84917
1004,84917
4220,22711
4827,22522
1521,22520
1132,22520
1004,22520
5398,22270
9776,22270
1004,85195
1521,85195
9776,85195
1132,85195
9120,21188
1132,21188
5398,21188
5398,85194L
4827,85194L
1004,84660A
5398,84660A
9474,84660A
9474,84509E
9776,84509E
1521,84509E
4827,82613C
7532,82613C
9776,75178
1132,75178
1521,75178
9120,75011
9776,75011
9474,75011
4827,75011
4220,47503A
9474,47503A
7532,47503A
4220,22889
7532,22889
1132,22889
1521,22888
9776,22888
9474,22888
4220,22888
9776,22886
1132,22885
9776,22883
9120,22883
4220,22882
4220,22881
1132,22881
9776,22880
7532,22880
5398,22880
9120,22879
9776,22879
1004,22647
9120,22609
7532,22608
1004,22608
1521,21632
9474,21632
1132,21631
1132,20705
4827,90125A
1132,85180B
9474,85180B
5398,85180A
4827,85180A
9474,85173
9120,85173
1004,85173
1521,85159B
5398,84660C
4827,84660C
1004,84660C
4827,21319
9474,21319
5398,21319
9776,21319
4220,20931
5398,79403
1004,79403
4220,21200
5398,21200
1521,21200
9474,22204
1004,22204
1521,22204
4220,90058B
4827,84597B
9776,84688
4220,20617
5398,20617
1521,20617
4827,20617
9120,62094B
1004,84616
7532,84666
9120,84666
9776,84673A
1004,84673A
1521,84673B
1004,21749
1521,21749
9474,21749
4827,17013D
1132,17013D
9120,82613D
9776,82613D
9474,37503
7532,37503
4220,37503
4827,37503
1521,21386
1132,21386
9474,22223
5398,22223
9120,90185A
9474,90185A
9776,90146
9776,90161D
4220,90161C
9474,90161C
1004,90161C
9776,90129C
1521,90129C
9474,90129B
9776,90129B
5398,90129B
1521,22269
5398,85039A
9474,85039A
7532,22257
1004,22258
7532,22258
4827,22258
1521,22259
1132,22259
1004,22259
9120,35610A
9776,35817P
9120,35817P
1004,35817P
4220,35817P
1132,85141
1521,85141
9776,85141
4827,21656
4220,21656
1521,21656
1004,35599B
4220,90042A
1521,90136
4827,90136
1132,90060B
9120,90060B
1004,90035A
1521,90035A
1004,90133
4827,90133
1132,90133
1004,90179A
1521,79329
9776,79329
4827,85146
4220,22033
9776,22033
1004,22033
9120,22032
1521,84751B
4827,84751B
4220,84751B
5398,84751B
1521,84507B
1132,85211
7532,85211
9776,84620
4827,84620
5398,84620
4220,22108
5398,22108
1004,22108
9474,22108
4220,85212
9474,84929
5398,84929
9120,17012C
1521,17012C
1521,21194
1004,21792
4220,21792
9474,21792
7532,21707
4220,21707
1132,21707
5398,17014A
1132,17014A
1004,17014A
9776,17014A
4220,17012A
1132,17012A
9776,22868
1132,22868
1004,22874
1132,22874
4827,22874
9474,22870
7532,22870
9776,22875
5398,22875
1004,22875
9474,22873
4827,22873
9776,22872
9474,22872
4827,22872
7532,22871
9474,22871
1004,22871
1521,22871
5398,22302
1004,22302
1521,22302
1004,47594B
7532,21196
4827,21196
9120,21196
5398,21199
7532,21199
1132,22218
9776,22218
7532,22218
9776,22394
4220,22394
4827,22394
1004,22970
9776,90209C
1132,22303
4827,22303
7532,22303
9776,22062
4827,22062
1521,22040
4827,22040
9776,22040
5398,21348
9474,22971
1004,22971
4827,22971
4220,84877B
1004,84877B
9120,84877B
9474,84078A
9120,84926F
9776,84926F
1521,21400
1132,35911A
5398,35911A
9474,85031C
4827,85031C
1521,84012
9776,84813
1004,84813
9474,84813
5398,84613A
1132,90145
9474,90145
5398,90145
4220,90145
9120,90194
7532,90194
1132,90194
9776,90194
9776,21043
9120,22395
1004,22395
4827,22395
1521,22395
5398,37342
4827,37342
5398,85169C
4220,85169C
7532,85169C
4827,85169C
1004,84750B
1132,84750B
7532,84750B
1132,21425
4827,21425
5398,21425
9474,21425
5398,22263
1132,22263
5398,16219
9120,21279
9474,21279
9120,16048
1004,22325
1004,21391
4220,21391
9474,72800C
9776,72800C
4220,72800C
1132,17011F
9776,17011F
7532,35809A
5398,35809A
1521,35810A
9776,35810A
1132,35810A
4220,20619
4827,21633
9776,21633
9474,21633
9120,35607A
9776,35607A
7532,35607A
9776,22410
5398,22410
7532,21389
5398,21389
4220,84859A
5398,85103
7532,85103
4220,85031B
1004,21286
4220,22249
9776,22249
4827,22249
7532,22249
4220,22407
1132,22407
9776,84584
4827,84584
1132,20696
4827,20696
4220,20696
4220,35914
9776,20794
1132,20794
4827,20794
1004,85205B
4827,85205B
1004,22929
1132,22929
4827,22929
4827,85163A
4827,85163B
1521,85232A
7532,85232A
4220,85232A
1132,85232A
9474,22309
1521,22309
1004,22309
9120,22309
9474,22221
4220,46000U
9776,21698
7532,21698
1132,21698
5398,90177D
1521,90177D
9776,90161A
7532,90177B
1521,90198A
5398,90198A
4220,90198A
9474,90154
1132,90154
9776,90154
7532,90199D
4827,90199D
1132,90199D
4827,90014A
9776,90014A
1521,90014A
5398,90170
9776,90170
9120,90170
4827,90178B
5398,90114
4220,90114
7532,90114
9776,21793
9474,21793
1004,85023B
1004,85109
1132,85109
7532,85109
9120,84804A
5398,84804A
4220,84804A
7532,84804A
9776,84800L
1004,84800L
4220,84800L
5398,84800M
1004,84800M
4220,84800M
1132,84802A
4827,84806A
1004,84806A
5398,84806A
5398,22668
9120,22286
1521,22286
4220,20941
1132,22707
4827,22707
1521,22707
1521,21503
9776,90108
7532,90108
1521,16207A
4220,21372
9474,21372
1004,21372
4827,21747
5398,21747
9474,21747
9474,84457
9776,84457
1521,85130B
7532,85130B
9120,84249A
4220,84249A
1521,84249A
7532,21251
5398,21251
4220,21251
7532,22538
5398,22538
1132,22538
4220,21198
1521,21198
1521,90027A
4220,90027D
9120,90027D
7532,90027D
4220,90019A
7532,90040A
9474,90040A
1132,90120C
4827,90120C
4220,90120C
5398,90040B
1132,90040B
9120,90040B
4827,44228
9776,44228
1004,85230A
4220,85230A
9120,85230A
9120,90214D
9474,22066
1521,22066
1132,22066
5398,22066
1004,20932
4220,20932
1132,20932
1521,84199
4827,84199
1132,84199
9776,84199
9474,72225C
5398,72225C
9120,72225C
7532,72225C
4827,82613A
9120,82613A
9776,82613A
1004,22682
4220,85135A
9474,85135A
1521,85135A
1004,22823
7532,22823
1132,22823
9474,22823
9120,22526
9776,22517
9120,15044A
7532,15044A
4220,15044A
9776,15044A
5398,22282
9776,84459A
5398,84459A
1004,84459A
7532,20700
1004,20700
9474,20700
1004,90022
7532,90022
4220,90022
1132,90104
9776,84499
4827,84499
9474,21403
4827,21403
1521,21403
1004,21403
1521,21067
9776,16045
1132,21394
1004,21972
9474,21972
9120,21972
5398,22046
7532,90165B
1004,90165B
4827,16206B
4220,46138B
1132,20701
9120,20701
9776,20701
4827,20701
4827,47585A
9776,21661
1132,21661
5398,21661
4827,21359
9120,21359
4220,21359
7532,21359
7532,84926E
4220,84926E
1132,84926E
9120,22293
4220,22293
1004,22293
5398,22148
1521,84218
7532,84218
1004,84218
9120,85194S
1132,85194S
4220,85194S
9120,22715
9776,72815
4827,72815
5398,21144
1521,21412
5398,21412
7532,35911B
4220,35911B
1004,35911B
9776,84989A
1004,84989A
5398,84989A
1521,84968E
5398,84968E
1004,84968E
1132,84968E
4827,79071B
9474,79071B
5398,79071B
7532,16169M
1132,16169M
9474,20934
1521,20934
1132,22709
9474,22288
4220,79320
1004,79320
9120,85042
9474,85042
1132,20785
1521,20785
4220,37476
7532,85089
9474,85089
4220,85089
9120,84931A
9776,84931A
9474,84931A
4220,84931B
9776,84931B
1004,84931B
1132,35909A
4220,35909A
9776,35910A
1132,35910A
9120,35910A
9120,85096
9776,85096
1132,21269
1132,21763
9474,21763
7532,20933
9120,35972
1521,35972
4220,35972
9120,21455
9474,21455
9474,21204
9776,21204
9120,21204
9474,47589
4220,47589
9120,47589
1521,84927F
9474,84927F
1004,79323B
9776,79323B
9474,21645
1521,21278
5398,21278
1132,21278
1521,47518F
5398,22182
9120,16156L
9474,16156L
4827,21318
7532,85025B
4220,47351B
5398,21002
7532,21002
4827,21002
9776,21084
4220,21084
1521,21084
7532,21088
1132,21088
1004,21088
1004,21096
9776,21096
9776,85093
4827,85093
1004,85094
4220,85094
9474,85094
9776,85094
5398,84251B
5398,84251G
9120,22250
9120,22248
1521,22248
4220,22247
5398,22247
1521,22247
1521,84251C
4827,84510C
7532,84510C
1521,84510C
9120,84510C
5398,84741C
4220,21220
4220,21222
5398,22266
1132,22266
4827,22266
9776,22268
9120,22268
5398,22268
7532,22267
4220,22267
1521,22267
1004,22267
9776,21003
5398,21003
1004,21003
1132,21757
1521,21757
1132,90123B
4827,90123C
9776,90123C
1004,90122A
9120,90122A
7532,90122A
5398,90184C
4827,90184C
7532,90184C
4827,90122C
9474,90156
7532,90156
4220,90156
9776,90155
4220,90155
9120,75049L
5398,75049L
4220,85023C
9776,85023C
7532,84600
1521,84600
4827,84600
4220,84617
7532,84617
7532,21332
5398,21332
4827,21655
4220,21655
9120,79323P
7532,44091A
1521,44091A
9120,21280
4827,21280
1004,85203
9120,85203
4220,85203
9120,85204
4220,85204
4827,85204
9776,85197
1521,21028
9474,21775
9120,21775
9120,85019B
1521,16207B
1521,20698
5398,20698
9776,47556B
4220,47556B
1132,47556B
1521,47556B
4220,21208
4827,21208
9474,21208
9776,21208
4827,35265
1132,35265
1004,35265
4220,22281
7532,22281
1004,22281
9120,22281
4827,20662
5398,20662
1132,21667
4827,21667
4827,22322
9120,22323
1004,22323
7532,22323
4220,22103
4827,22103
1004,22103
1521,22103
4827,23231
1004,23231
9776,62086A
9776,35912B
1004,23230
4827,85206B
1004,85206B
9120,84748
9776,85189
7532,85189
9120,85189
1004,85189
9120,84745A
9474,84745A
4827,84745A
1521,84745A
9120,84745B
1521,84745B
9474,84745B
1132,84745B
9474,22287
7532,22287
9776,22287
9474,85186C
1004,85186C
4220,21117
9474,21117
4827,90010B
5398,90010B
7532,21459
1132,21459
9776,21459
5398,21460
4220,21460
1521,21460
4827,85186A
9776,85087
1132,85087
9474,85087
5398,90125B
1132,90125B
1004,22967
7532,22967
1521,22957
1132,22957
4220,22957
7532,21368
4220,85131D
9474,85131D
4827,85131D
9120,85131D
7532,85131C
4827,85131B
1004,85131B
1132,85131B
9776,85131B
4220,17174
9474,17174
1521,17174
9776,23233
9474,23233
5398,35921
9120,35921
1521,35921
4827,85200
5398,84231
7532,84231
9120,84231
1132,84231
5398,21461
1521,84462
9776,84461
4827,84461
1004,84461
5398,35922
1132,84675
7532,84675
9120,22447
1132,22447
9474,47481
9120,47469
5398,23232
7532,84905
4220,84905
9474,84905
4827,84806B
1132,84806B
4827,21458
9776,21458
4827,85188B
4220,85188B
4220,85198
9120,85198
7532,15044D
1132,85213
9120,85213
5398,23166
5398,20845
4827,20845
1521,20845
1004,20845
5398,84033
1004,84033
9474,84033
4827,84033
4220,35095A
4827,35095A
7532,35095A
1132,35095A
1004,84796B
5398,84796B
9474,84796B
9120,84226
1004,84226
4827,84226
7532,84226
7532,79323W
7532,21926
4827,21926
1132,37379A
7532,22165
9474,22165
5398,90214R
1004,90214R
1004,35920
9120,35920
1004,84510E
1132,84510E
4220,85125
9474,84801A
1004,84801A
5398,84801A
9474,84592
4827,84592
1132,84592
7532,84592
4220,84927D
1521,84800S
4220,84800S
9776,79192A
4827,79192A
1132,21420
4220,21420
9120,21420
9474,85130C
9776,20756
4827,20756
4220,20756
1132,20756
1004,21371
1521,21371
9474,21371
9120,21371
1132,21095
1521,21095
1004,21095
7532,22317
5398,40046A
5398,37467
9120,37467
1132,37467
1004,84527
9474,72799C
1521,72799C
4827,72799C
5398,71101E
9120,71101E
9120,21457
9474,21457
4827,21457
4220,90072
5398,90072
7532,90072
9776,90073
1004,79191D
9776,79191D
1132,79191D
4220,72134
4220,21456
4827,21456
4827,21317
4220,21317
1521,21317
9776,21317
9120,35647
1004,35647
7532,90214G
1004,46775D
1521,46775D
5398,20795
9776,20795
9474,20795
1004,84976
9776,84976
5398,84976
1132,84976
1521,84632
1521,90197B
1132,90125C
4220,35913B
9776,35913B
1521,35913B
1521,85202
1004,22146
9474,22146
1521,22146
7532,22146
9120,21476
4220,16052
9776,16052
9474,16052
9776,84974
9120,84974
9120,72821
9474,72821
1132,22596
7532,85126
1521,85126
9120,85126
4220,85126
9776,90123D
4220,90123A
9776,90123A
9120,90123A
9474,90010E
9776,90148
5398,90016B
7532,90016B
9474,90016B
5398,90016A
1521,90016A
9474,90016A
9776,84847
7532,84847
4827,84847
5398,85188A
9474,85188A
4827,20898
1004,20898
7532,21316
1521,21320
9776,21320
9776,20818
4220,85160B
7532,85160B
9120,85160B
5398,85160B
9474,84465
4220,84465
9776,20851
1521,20851
5398,84715
4220,84919
9474,84919
4827,84907
5398,84907
1521,84907
1132,84907
9474,85024B
4827,71496B
9474,71496B
9474,35915C
4827,35915C
1521,35915C
1521,17028J
5398,17028J
1132,17084A
7532,84795C
4220,84795C
9474,84795C
4827,21758
9474,21758
4220,62074B
9474,62074B
1521,62074B
1132,84279B
7532,85063
9776,85063
5398,84801B
9776,84801B
4827,84805A
1132,17136A
9474,17136A
9776,17136A
9776,35923
9120,35923
1521,84712B
9776,84712B
9474,84708B
9776,84708B
7532,84708B
1521,44089A
5398,44089A
4220,44089A
4220,84723
5398,84723
1521,22038
4220,22038
9776,84086C
1132,84429A
7532,84429A
9776,37462E
9776,90037B
4220,90037B
1521,90037B
7532,90098
4827,15058C
7532,22989
1004,22541
9120,84452
9474,84452
1521,84452
1521,22353
4827,22990
1004,84568
9474,84568
9120,84598
7532,84598
9474,84598
1132,84598
4220,84659A
1521,84659A
1521,20694
5398,20694
1004,85092
7532,37413
4220,35815P
9474,35815P
5398,35815P
9776,35815P
5398,21228
4220,21228
1132,21228
9474,90202B
1132,90202B
7532,90202B
4827,90202C
5398,90174
7532,90039C
4827,90039C
1004,90039C
9120,90039C
5398,90120B
9776,90120B
4220,90122B
9120,90122B
1521,90070
9776,90010A
9474,90010A
1132,75172
1132,45013
5398,45013
4220,45013
1004,45013
9776,21636
1132,21636
5398,21636
9776,71510
4220,21641
7532,44265
1132,90055
1521,90055
9120,90055
1004,90064B
1521,90064B
4220,90064B
1132,90064B
9474,90011B
4827,90064A
5398,90063A
1004,90063B
1132,90063B
5398,90029
9776,90029
9120,44089C
7532,44089C
9776,44236
9120,44236
7532,44236
7532,21681
1004,21681
5398,21681
4220,35909B
1004,90180B
1521,90180B
1132,90180B
1004,90152C
9120,90152C
1004,90152A
1132,90018A
9474,90018A
5398,90018A
4220,90018A
1132,90023
5398,90023
1004,90023
1132,90192
9474,84663A
1004,84663A
1132,84663A
4220,35637A
7532,35637A
9120,35637A
1004,84661C
7532,84857C
1521,84857C
1004,84857C
9776,84857C
1132,84859C
1132,79406
1521,79406
1004,79406
7532,22289
4220,22980
1004,22993
5398,22993
1521,22993
9776,22993
5398,23006
1132,23006
1132,23004
4827,23002
9474,23002
9120,23002
9120,23003
1132,23003
7532,23003
4220,23000
1521,22994
9120,22994
4827,22998
4220,22998
9474,22998
4827,22991
9474,22991
1004,22991
4827,22992
9120,22992
9776,21898
1132,21898
4827,21898
4827,79063D
1521,79063D
9474,79063D
1521,22999
5398,22999
4220,22995
4220,22996
1004,22996
7532,22996
4827,22978
1521,22978
1004,22978
1132,22997
1004,23005
4220,79062D
5398,79062D
7532,79062D
9474,20837
1004,20837
9776,20837
1521,47341A
4827,47341A
4220,47341A
9120,47341A
7532,22351
1521,22351
1004,22351
4827,79331
1132,84306
9474,84306
7532,84306
1132,44092C
1521,44092C
1004,44092B
1132,44092B
1521,44092B
7532,90018B
9120,90018B
4220,90018B
1004,90065A
9776,90065A
9120,90065A
1132,90191
1521,90191
9474,90191
9776,90191
7532,90024F
9120,90024F
1132,90026D
4827,90026D
9474,90143
1521,90143
9776,90143
9474,90024C
1132,90024C
7532,90024C
1004,90000B
7532,90000B
9474,90000B
9120,90000D
1132,90000A
4220,90026C
1132,90026C
9474,90026B
1132,90026B
4220,35638A
4220,84691
5398,84691
1004,90209B
1132,90209B
9474,90209B
4220,85065
1132,85065
1004,85065
9120,84876B
4220,84876B
5398,46776B
7532,46776B
9776,22216
7532,21414
9776,21414
9474,21414
5398,21414
4220,82095
9474,82095
7532,82095
7532,35637C
9776,35637C
9474,84466
1521,84466
1132,84466
9776,90214A
1132,90214A
9120,90100
4220,90100
7532,90100
1132,90100
9474,90096
5398,90096
5398,21087
9474,21087
1521,21087
9776,21087
1004,84809B
4827,84809B
9474,84809B
4827,21418
1521,21418
1132,21418
9474,84858C
7532,84858C
1521,84858C
9776,72140E
7532,72140E
1521,72140E
1132,10080
9776,17001
1521,17001
9120,17001
1521,71050
9120,71050
9776,71050
9474,35916C
7532,35916C
9120,35916C
5398,35916C
9120,84687
5398,46118
1004,46118
1132,84802B
4827,84803B
5398,21293
4220,23182
5398,23182
1132,20796
1004,20796
9120,20796
4827,20796
9120,22979
1004,22979
7532,22979
1004,23177
9120,23177
1004,23193
7532,23193
1521,23193
5398,23193
9474,23194
5398,23176
1132,23176
9474,23176
9120,22982
1132,22982
7532,22982
5398,22982
1132,23126
4827,23126
1004,23126
9776,23127
9120,23127
1132,23127
9776,16020C
1004,16020C
4220,16020C
1132,46776C
1004,23128
9120,23128
1521,23128
1521,23183
7532,23179
5398,23179
9776,23179
4827,23178
5398,23178
7532,23178
4827,22981
9474,22981
4220,22981
7532,22981
1132,90166
1132,37423
4220,37423
7532,37423
5398,23180
4827,23180
1521,23180
9120,21634
4827,90141C
1521,90141C
5398,90141C
9120,90141A
9776,90183C
5398,90183C
9474,90124B
1521,90124B
7532,23049
9474,23049
1132,23053
5398,23053
1004,23054
1004,23050
4827,23050
9120,23050
4827,23052
1004,23051
9776,79026B
5398,79026B
7532,79026B
5398,23185
9776,23185
1132,23184
4220,23184
9776,23184
4827,90084
9474,35607B
4827,35607B
1521,84798B
5398,90040C
9776,90040C
1004,90040C
1004,90038B
9120,90038B
4827,90038B
9474,90038B
7532,90038C
7532,90214P
4827,21369
4220,21369
9474,21369
4827,35916A
9776,35916A
1004,35916A
7532,62096B
9120,62096B
1521,62096B
9474,84593
9776,84593
7532,84593
5398,84593
9474,16248B
1004,16248B
9120,16248B
9776,16248B
1132,21841
4827,23181
7532,23187
7532,23186
1004,23186
9776,23186
1004,22764
1521,84086B
9776,84086B
9120,84086B
1004,84086B
4220,79063C
1132,79063C
9776,79063C
9474,23009
1132,23009
4827,23009
5398,23009
9474,23007
4827,23007
7532,23007
1132,23007
1521,23008
5398,85088
1132,23010
7532,23010
7532,20653
1132,84535A
7532,84535A
4220,84535A
1004,16202A
9474,85098B
1004,21402
7532,21402
4220,21402
7532,84842
9120,84842
4220,17129F
1004,17129F
1521,17129F
4220,84227
1521,16161G
1132,90201B
5398,90201B
9776,90201B
9474,85161
9120,85161
1004,85161
1521,16259
1004,16259
4827,47013A
5398,47013A
9776,84968B
5398,21750
4220,21750
9474,21750
4220,35910B
4827,35910B
9776,35910B
9474,46776E
5398,46776E
1132,46776E
1004,84750A
4220,84750A
1521,84750A
7532,78033
1004,21395
1132,21395
9120,21395
9474,37351
7532,37351
9776,37351
4827,37488A
4220,37488A
1132,85030
1521,85030
9474,21637
9120,21637
4827,21637
1004,21637
9120,47344B
7532,47344B
5398,47344B
4220,46126A
1521,46126A
5398,46126A
9776,37330
7532,37330
4220,37330
9776,90036F
7532,90030B
1521,90030B
1004,90030B
9120,90131
9776,90131
4827,85224
5398,23077
1132,23077
9776,23076
4220,23076
5398,23076
9776,23078
1132,23078
9120,23078
1521,23078
1521,21770
1132,47013C
5398,47013C
9776,47013C
9474,47013C
1004,84548
1521,84548
4827,84796A
4827,15030
1004,15030
1521,15030
1132,15030
9474,21897
1521,21897
5398,21897
5398,23159
9120,23159
9474,23159
4827,23154
1004,23154
4220,23156
4827,23156
1004,23155
9474,84569C
5398,84569C
9120,23158
1132,23158
7532,23158
1521,85145
9474,21839
7532,85028S
9120,85028S
9776,85028L
4220,85028L
1132,85028L
1132,21270
9474,85017A
4220,85017A
1132,90164A
1132,90124A
4220,90124C
1521,21847
9776,90099
9120,84743C
1521,23157
9776,23157
9120,23157
9474,90014C
1132,90014C
1004,35649
5398,35649
7532,35649
1004,35809B
1521,84686
4220,84686
1132,84686
1521,22104
9776,22104
4827,22104
1004,20821
9120,20821
5398,20821
4220,84877A
1521,84877A
1132,84877A
4827,84875D
4827,22106
5398,22106
7532,22106
5398,84872A
4827,84872A
4220,84872A
5398,23254
4220,23254
7532,23256
1521,90024D
7532,23255
1004,23255
9474,23255
1521,23255
9474,22039
4220,22039
9120,22039
9776,22039
4827,90001C
4220,90001C
9776,90025A
9120,90025A
5398,90025A
4827,90142D
1521,90142D
5398,90142D
9120,37487B
1521,84839
9474,84839
9474,23205
9776,23201
1132,23201
9120,23207
1004,23207
1521,23207
4220,23207
9120,23199
7532,23199
1521,23199
1132,23199
5398,23206
4220,23206
9120,23206
1132,23206
9474,23204
1132,23204
9776,23204
1004,23208
7532,37468
4827,84689
4827,84856S
9474,44242B
9474,46776A
7532,46776A
7532,46776F
9120,46776F
9776,46776F
4827,46776F
7532,46776D
9120,46776D
1132,46776D
5398,PADS
4220,PADS
4827,PADS
4220,84731
9776,23065
9474,23065
7532,23065
4827,16202B
9474,23060
9776,23060
4827,23060
7532,23057
9120,23066
4827,23068
7532,23068
9120,23068
1132,23075
9474,23075
4220,23075
1004,23153
1521,23073
7532,84549
4827,21614
9474,21614
4220,21614
1521,21614
1004,84576
4827,84576
9776,84576
4220,84576
9120,23146
7532,23061
9776,23061
1521,23061
9474,20823
1132,20827
4220,20827
9120,20827
5398,23055
9120,23055
1004,23055
7532,23055
1004,23056
9120,23056
7532,23140
4220,23140
4827,23140
9474,23140
9474,23141
7532,23141
5398,23141
1521,23141
9474,23135
7532,23135
1521,23135
1132,23135
1521,23132
9474,23132
9776,23132
1132,23071
1004,23071
4827,23071
5398,23152
9776,23152
9120,23152
4827,23134
1132,23133
9474,84990
4220,23147
9776,23148
5398,23144
1521,23144
1132,23144
4827,23144
4827,23142
4220,23136
1521,23139
1004,23139
9776,23139
9120,23138
1132,23138
1521,23138
1004,23138
9776,23150
4827,23150
1521,23145
9474,23145
9776,23145
1132,23253
7532,23253
4827,23253
9120,23253
1521,23137
1132,23137
7532,79144C
4827,79144C
9776,79144C
9776,72024U
9474,72024U
1132,16049
1004,16049
9120,16049
4827,90135
7532,90138
9776,90138
1521,90159
1004,90159
5398,90159
1132,90164B
7532,90164B
9474,90163A
1132,90163A
9776,90163A
5398,90163B
1004,90163B
9776,90158
7532,90157
4220,90157
4220,90051
9474,90051
9120,23069
1132,23069
4827,23069
5398,16244B
9776,16244B
9474,16244B
1521,16244B
5398,23131
1132,23131
4220,23131
9474,23067
1004,47341B
4220,47341B
4827,47341B
9776,62097B
9474,62043B
7532,62043B
4827,90021
1132,90021
4220,23163
1132,23163
9120,23163
9120,23284
9474,23284
4827,23283
7532,90201D
5398,90201C
9776,90201C
4827,90201C
1132,90201C
1004,90201A
9474,90201A
7532,71495A
1521,23162
4827,23162
9120,20840
9776,20840
4220,20840
9776,72811
1132,72811
5398,72811
1004,20816
1004,23048
4220,23042
9474,23042
9120,23041
1132,23041
7532,23040
1521,23064
1132,23064
9120,23064
4220,85225
7532,85225
9776,23130
9120,84629
1132,84629
1132,20835
5398,20835
7532,20835
9120,22987
4220,20836
9474,20836
9474,20838
7532,20838
4827,23160
9474,23160
7532,23160
4827,23161
5398,23164
7532,23164
4220,23164
9120,23149
7532,23149
5398,23149
9776,84705C
4220,84705C
5398,23143
4827,23143
4220,23143
1521,23299
5398,23299
9776,23298
7532,23298
7532,23070
9474,23070
4827,23070
9776,23070
7532,23151
4827,23151
1132,90058A
5398,90058A
7532,90058A
4220,90058A
7532,23043
4827,23043
1521,23043
9474,23045
9120,35599D
4220,35599D
4827,35599D
1004,20964
4827,20964
4220,84859B
4827,84859B
1004,23209
1132,23209
1132,23200
4220,23200
4827,23200
5398,23200
5398,23203
9474,23203
9120,23203
7532,23203
1132,90076
9120,90076
9776,23072
7532,23202
9120,23202
1004,23202
9474,23046
4220,23046
9776,23046
5398,23047
7532,23044
5398,23044
1132,23044
1132,35443
9776,35443
7532,35443
1521,35443
7532,90036A
1132,90036A
7532,90033
9120,90033
4827,90130B
4220,90130B
4827,90036C
9120,90036C
7532,90036C
9474,23282
1132,23282
4827,23282
5398,23282
5398,23280
1521,23280
9776,23280
9120,23190
1132,23190
9474,23191
5398,23191
7532,21263
1132,21263
1004,21265
9120,21265
1521,21265
4220,21265
4827,21264
4220,21264
1521,23175
7532,23175
1004,23174
1132,23174
7532,23173
9776,23172
4220,23172
7532,23172
1132,23172
1521,23171
9776,23171
9120,23171
9474,23171
4827,23170
9120,23170
1004,23170
1521,23170
9474,23081
5398,23081
4827,23084
9776,23084
4220,23084
9120,23281
5398,23281
1132,23118
4827,23096
1004,23096
9474,23096
9776,23091
5398,23091
5398,23094
4220,23094
1132,23094
7532,23108
9474,23108
4220,23108
7532,23080
1132,23080
1521,23110
9120,23110
1521,23192
9474,23100
4827,23100
9120,23100
7532,23102
5398,23102
1132,23102
7532,23082
9120,23082
1521,16151A
9474,16151A
4220,16151A
5398,16151A
4827,23093
1521,23093
9474,23093
1132,23109
4220,23109
5398,23109
1132,23103
1521,23103
1004,23103
5398,23112
1132,23112
7532,23111
4220,23079
5398,23079
7532,23079
1004,23167
5398,23167
9776,23104
7532,23104
4827,23168
1521,23168
1132,23168
9776,72812
9474,72812
9120,23169
4220,23165
9120,23165
7532,23165
1004,23101
1132,23101
4220,23101
1521,23089
9776,23107
1004,23107
4827,90039D
1004,90039D
1132,90039D
9474,90039D
1521,90039B
4827,90039A
1132,90039A
1004,23106
4827,23106
4220,23106
9120,23106
5398,23087
1521,23087
7532,23087
9474,23088
4220,23088
1521,23088
5398,90035C
5398,23301
9120,23301
1004,23300
1132,23300
9776,23302
4827,47574B
5398,47574B
1132,47574B
9474,23090
4827,23090
1521,23083
1132,23083
1004,23083
7532,23083
9474,23092
1521,23092
4220,23092
4827,23085
9120,23085
9474,23085
1132,23085
1132,23099
9474,23086
9120,23086
7532,84661A
1004,90214Y
4827,90214Y
9474,84873A
1132,84873A
7532,21015
9776,37471
4827,37471
4220,37471
9120,37471
1521,23129
9474,84804B
9474,90202D
1521,84984B
9120,84984A
5398,84984A
9776,84984A
4827,90093
5398,90093
4827,90085
7532,90149
4827,90144
1521,90013C
1004,90013C
7532,90013C
9776,90013C
9776,90050
4827,90050
4220,90050
9776,90141B
9474,90141B
9120,90141B
9120,21310
1004,21310
4827,21310
1132,21310
1521,90041
5398,90041
4220,90041
4827,23228
7532,23228
1521,23228
9120,23228
5398,23227
7532,90125E
4220,90125E
1521,23444
1004,23444
1004,20667
4220,20667
4827,20667
1004,23226
9776,23226
5398,23226
9474,23226
4220,84711B
1004,84206C
9120,84206C
1521,84206C
9120,23214
1004,23214
1521,23214
9120,23215
5398,23215
9776,90059F
1521,90059F
9474,90208
1004,90208
1521,23210
9776,23210
9474,23210
9120,23213
9474,23213
4220,23213
5398,23213
4827,23212
9120,23212
9776,23212
1521,23212
4220,23219
9474,23224
9120,23221
1521,23221
9776,23211
4827,23211
9474,23211
1004,23216
9120,23216
1004,23217
7532,23225
9474,23225
1132,23275
9474,23275
1004,23275
9776,23263
9120,23263
1004,23263
9474,23309
1132,23309
1521,23309
1004,72586
9776,72586
4220,23270
1132,23270
9120,23270
4827,23270
4827,90206C
1004,90206C
1521,90206A
4220,90206A
9120,90206A
5398,90206A
7532,84422
9120,84422
4827,23307
1521,23307
9474,23307
4220,23306
7532,23308
1521,23273
1132,23273
5398,23274
9474,23274
9776,35818P
1521,35818P
9120,35818P
4220,21373
5398,21373
1521,21373
4827,16043
7532,90214E
7532,90102
4220,90102
9120,90102
7532,23240
1004,23238
7532,23238
9120,23238
4220,23243
1521,23243
9120,84661B
9474,84415A
5398,84415A
7532,84415A
9120,84415A
9120,23245
4827,23245
5398,23239
9776,23239
1004,23239
1521,23239
1132,23236
4827,23236
9474,23235
1132,23235
4827,23235
9120,23235
4827,23241
9474,23241
5398,23241
4827,23242
9776,23247
7532,23244
9120,23244
9474,23237
9474,22950
1004,22950
9776,22950
4220,35966
9120,35966
7532,35966
1521,23321
9474,23321
4220,23321
5398,23310
7532,23310
9776,23310
4220,90214L
1132,90214N
1521,90214H
4220,90214H
7532,90214H
5398,23220
7532,23220
1521,90116
9776,90116
4827,90116
1132,84824
9474,16162L
9776,16162L
4220,16162L
1132,35970
1521,35970
7532,35970
5398,23266
9474,23266
4220,23266
1004,23265
4220,23265
9474,23265
1521,23265
4220,23264
1132,23269
1004,23268
7532,23268
4827,23252
5398,23252
9474,23252
9474,23322
7532,77079
4220,77079
1004,77079
9120,23286
5398,23286
4827,23338
1521,23338
9776,23338
9120,23285
4827,23288
9474,23288
1132,23288
1521,23288
5398,20901
4220,20901
1132,20901
4827,23343
1132,90026A
9776,90026A
4827,90036B
7532,90036B
5398,90079
4827,90079
9776,90079
1521,90001A
9474,90001A
1004,90001A
9776,90001A
9776,90001D
4220,90001D
1132,90001D
4827,90001B
5398,90001B
9776,90001B
9120,90190B
1132,90190B
4827,90190B
9776,90190A
9120,90190A
4220,90190A
4827,90187B
9776,90187B
4220,90187B
7532,23271
9120,23271
9776,23335
5398,23335
1004,23335
1004,23339
1004,23336
5398,23336
1521,23336
5398,23337
9120,23337
9474,23337
9776,23292
1521,23292
9474,23291
1521,23289
9474,23289
1132,23289
5398,23290
7532,23290
9776,23290
1521,23290
9474,23287
1004,23287
9776,20997
4827,20997
1132,23188
5398,23251
1521,23251
9776,23251
9120,23249
7532,23250
4220,23229
1132,23234
7532,23234
7532,23012
5398,23012
1004,23012
1132,23014
7532,23035
1004,23035
7532,84551
4220,84551
1521,84551
1132,23020
4220,23020
4220,23032
1132,23032
1004,23032
9120,23028
1521,23028
5398,23031
1521,23031
4827,23031
9120,23031
1004,23029
4827,23033
9474,23033
9120,23033
9120,23034
9474,23034
4220,23034
1132,23013
4827,23013
5398,23013
7532,23013
4827,16254
7532,16254
4827,23344
1521,23344
1521,20869
9474,20869
7532,23022
4827,23016
4220,23026
1132,23026
1004,23026
1521,23119
4220,23119
7532,23123
1132,23123
9776,23122
1521,23122
7532,23122
4220,23120
9776,23120
9474,23121
4827,23121
9474,23124
4220,23124
1521,23124
9120,23125
5398,23125
9776,23125
1132,23039
9120,23039
7532,23039
9776,23039
9474,85168B
9776,85168B
5398,85168B
5398,35933
4220,23023
9776,84679
1132,23019
1521,23019
9474,72369A
9120,72369A
4220,23272
1132,23036
9120,23021
4827,23021
1521,23021
1004,23198
4827,23198
1132,23027
7532,23027
9120,23027
9474,23015
9120,23015
7532,23015
4827,23015
9120,23024
4220,23024
1004,23024
9474,23223
5398,23223
1004,23223
7532,23222
5398,23222
9120,23197
7532,23197
4827,23196
1521,22687
1004,23267
1132,23267
1521,23323
5398,23315
9776,23315
7532,23315
7532,23316
1521,23316
4220,23316
5398,23316
9474,23342
1521,23341
1132,23037
9474,23037
9474,90176D
4220,90176D
1004,23317
4827,23017
9474,23017
9120,23017
9120,23018
1132,23018
1004,23018
1521,23025
9474,23025
9776,22124
1132,22124
1132,71143
1521,84746
1521,81952B
4220,81952B
7532,81952B
5398,81952B
5398,81952V
1521,81950B
9474,23320
4220,23320
9120,23320
1132,21344
4827,21344
9474,21344
1004,23574
5398,23574
7532,23574
1132,23318
9120,23318
9776,23319
7532,90043
9120,90043
9776,90049
9474,90049
9776,90046
1521,90046
1004,90046
1521,90048
1521,90205C
7532,90205C
1132,90205C
9120,90205A
1132,90205A
9474,90205A
7532,90205A
1521,84706F
1004,84706F
9120,84539
1521,84539
1132,44242A
1004,44242A
1132,35645
4220,35645
7532,23038
5398,23038
4220,23038
1521,23038
5398,23313
9776,23296
4827,23296
9474,23296
9120,23294
4220,23294
9474,23294
4220,23293
9776,23293
5398,23293
1521,23295
4827,23295
1521,23297
1132,23297
7532,23297
9776,84924F
1521,84924F
7532,81953B
1004,81953B
9776,81953P
1132,81953P
1004,81953P
9776,90214I
1521,90214I
9776,23311
7532,23314
1004,23314
5398,23314
1521,23314
1521,23312
1132,23312
9474,23312
9776,22959
9474,22959
1132,22959
5398,90030C
4220,90030C
9776,90030C
9120,90031
5398,90031
1132,90031
9776,90030A
1004,90030A
5398,90030A
9120,90030A
9474,90101
9776,90103
7532,90141D
4827,90141D
5398,90141E
4827,90141E
1521,23550
9120,23550
9120,23218
1004,23218
1521,37491D
5398,37491D
9120,37491D
9474,37491D
9776,37491B
9120,37491B
1521,37491B
9474,37491C
1521,37491C
5398,37491C
9120,84402B
1132,84402B
5398,23549
9474,23546
1132,23546
1521,23546
9120,23546
1132,16162M
9776,16162M
1521,16162M
9120,16162M
9776,84857B
1521,84857B
1004,84857B
9776,84732D
1004,84732D
5398,84732D
4827,84732B
9474,84732B
4220,23545
7532,23545
1132,23547
9120,23547
1004,23547
1004,23548
5398,23548
4220,23548
9776,84387A
5398,84387A
4220,84387A
1132,16169E
4827,16169E
9474,35638B
5398,35638B
9120,35638B
9474,23347
1132,23347
5398,23345
4220,23346
1521,23346
7532,23346
1521,84984D
4220,84984D
9120,85179C
9474,79336
1132,79336
4827,23340
9776,23340
9120,23340
9474,35650
4827,35650
1521,35650
4220,90019B
9120,23360
5398,23360
1521,23359
1004,23373
1132,23436
7532,23436
1004,23436
4220,23353
9474,23353
7532,23353
1132,23354
4220,23354
5398,23354
9474,23374
1132,23438
7532,23438
1004,23438
9120,23438
9776,23189
4827,23189
1132,84963B
9120,84963B
7532,84963B
9120,23349
4220,23349
1521,23350
4220,23350
9120,23350
4827,23352
5398,23352
9120,23352
1004,23351
5398,23324
1132,23324
4827,90209A
7532,23332
4220,23332
9474,23329
4827,23329
1004,90013A
4220,90013A
1132,90013A
4827,23330
1132,23330
1521,23334
4827,23334
4220,23333
1004,23328
1132,23331
9474,23327
4827,23327
5398,23327
9120,23327
9474,23326
4827,23326
9120,23326
7532,23325
1004,23325
4827,35816P
1132,35816P
5398,35816P
5398,35597D
4827,35818B
5398,35916B
4827,35916B
9776,23357
4220,23357
4220,23358
9120,23375
1521,23375
9776,23356
4220,23356
1521,84206A
4827,84206A
9120,84206A
1004,84201B
9120,84201B
1132,84201B
9474,23355
1004,23355
9120,23355
9776,23355
4220,90176C
1004,90176C
9120,90176E
5398,90176E
9776,90176E
9120,23437
9474,23437
7532,23437
1004,23437
1132,90003E
4827,90003E
9474,23445
9776,23445
1004,22340
9474,22340
9120,22340
5398,23439
9120,23439
7532,23439
4827,90018C
9474,90018C
1004,90018C
1521,90018C
9776,90024B
1132,90024B
1132,90211A
1004,23431
5398,23431
9776,23433
9474,23433
1132,23348
1004,84201C
1132,84201C
9120,84201C
4220,84201C
5398,DOT
4220,DOT
9474,DOT
7532,CRUK
9776,35819B
1004,35819B
1132,35819B
9120,35819B
9120,23432
4220,23376
9120,23376
1004,23378
9120,90183A
1521,90183A
1132,23551
9474,23551
9776,23551
1004,23551
1004,23396
9776,23396
4827,23396
1521,23395
4220,23395
7532,23395
1521,23394
9120,23394
1132,23394
7532,23394
1132,23407
1521,23393
7532,23393
9776,23427
9776,23397
9120,23397
4827,23377
7532,23377
1004,23377
4827,23399
7532,23399
9776,23399
1132,23399
5398,23411
1004,23411
9120,23411
9120,23398
1521,23398
4827,23398
1004,23398
4220,23404
5398,23404
1521,23424
4220,23424
4220,23406
1004,23406
9474,23414
1132,23414
5398,23405
9776,23405
4220,23405
4220,23379
9776,23381
4220,23381
9120,23381
1004,23380
9120,23380
9474,23380
5398,23402
4220,23402
1521,23402
4827,23402
9120,23403
1132,23403
7532,23403
1521,23403
9776,23426
1132,23425
9474,23425
1521,23425
7532,23412
1521,23412
4827,23412
9120,23392
1132,23392
9776,23400
4220,23400
9120,23400
5398,90019C
9120,90038A
4220,23415
1004,23415
9474,23415
1004,23417
5398,23417
7532,23417
1521,23417
9776,23413
1132,23413
1004,23413
4827,23409
5398,23409
7532,23409
1132,23408
9474,23408
4827,23408
9776,23401
1132,23401
7532,23401
9120,23410
1132,23559
1004,23559
9474,23559
1132,23423
7532,23423
4827,23421
1132,23421
4220,23422
1521,23422
4827,90119
9120,90119
1521,90119
9776,90119
1004,23418
4827,23419
1132,23419
9474,23435
9120,23435
7532,23435
5398,23435
4220,23434
1004,23434
7532,23391
9474,23391
1004,23391
4827,23390
7532,23390
9474,23389
4220,23074
1521,23074
5398,23388
7532,23416
4220,23416
4220,23058
1004,84016
7532,84016
1132,23420
9474,23113
1132,23113
4827,23113
4220,35819P
9120,84805B
4827,84805B
1521,84805B
9776,90087
9120,23630
1132,23630
4220,23630
7532,23630
1132,23503
1521,23503
4827,23503
4220,23366
1521,23366
1132,23366
9776,23366
5398,23367
7532,23367
9776,23504
9474,23371
4220,23371
4827,23371
4827,23506
1004,23506
7532,23506
1521,23502
9120,23370
9776,23493
4827,23493
1521,23493
9776,23365
4220,23365
1132,23365
1004,23369
5398,23369
1521,23369
9120,23369
9120,23520
9776,23511
9474,23511
5398,23511
1521,23517
9120,23517
1132,23368
4220,23368
9776,23368
9776,23505
4220,23372
7532,23372
9120,23372
9120,23512
4220,23515
9474,23514
1132,23514
5398,23518
9474,23518
4220,23510
4827,23510
1132,23508
1004,23508
4827,23508
7532,23508
1521,23509
9120,23507
5398,23507
7532,23507
1004,23513
9120,23513
4220,23513
4827,35964
4220,35964
4220,20935
4220,90059A
9776,90059A
1521,20678
1004,20678
5398,20678
4827,20678
7532,90059D
9120,90059D
1004,90059D
1521,90059D
9474,90168
4220,90168
4220,90169
5398,90169
1004,90169
9120,90169
9776,90202A
1132,90202A
4220,90118
9776,90118
9474,90118
1004,90177A
4220,90177A
1132,90177A
7532,90177A
5398,90177E
1132,90182C
7532,90182C
9120,90182C
4220,90182C
4220,23516
5398,23516
9474,23519
7532,23519
5398,23519
1521,23494
4827,90028
9120,90028
4220,90074
9474,23461
7532,23461
4827,23466
7532,23466
1521,23466
5398,23466
1004,23469
4220,23469
5398,23469
9120,23484
4827,23114
1132,23114
9120,23114
9474,23117
4220,23117
9776,23117
1004,23117
4827,23115
9776,23115
4827,23471
9120,23471
9776,23116
4827,23472
1004,23472
9120,23472
9776,23472
9474,23470
9120,23524
1521,23524
1004,23524
4827,23535
5398,23535
9776,23534
1004,23541
5398,23541
9474,23541
1132,23539
4827,23522
5398,23522
7532,23522
7532,23526
1132,23526
9120,23526
7532,23533
1521,23542
4220,23528
1521,23528
7532,23543
7532,23530
5398,23530
1132,23538
1521,23538
9474,23538
7532,23521
4827,23523
7532,23523
1521,23531
1004,23531
1004,23527
5398,23527
1521,23527
4827,23527
1004,23483
7532,23483
9474,23483
1004,23529
5398,23536
1521,23536
4220,23536
7532,23544
5398,23532
5398,23525
9120,23525
4220,23525
1004,23540
1004,23537
1132,23537
9776,23537
5398,23500
4220,23500
1521,23500
4827,23500
5398,23465
9474,23465
7532,23465
9120,23501
4827,23501
5398,23501
4827,90129D
1521,90129D
5398,90129D
9776,90129E
9120,90129E
1132,90012A
5398,90012A
4220,90012A
1521,23468
5398,23468
4220,23468
4827,79157V
7532,79157V
1132,79157V
4220,79157V
9120,90189A
7532,90054
1521,90188
1004,90188
5398,90188
9120,90188
7532,90071
5398,90071
4827,90071
4220,90071
1521,23448
7532,23447
9776,23446
1521,90012B
5398,90012B
9474,23382
4827,23382
1004,23382
1521,23660
1004,23661
1521,23661
4827,23661
9776,23661
4220,23564
7532,23567
5398,23567
1521,23567
9120,23487
5398,23487
9474,23487
1132,23487
1521,23490
9474,23490
9776,23490
4827,23453
1132,23453
1004,23453
5398,23453
1521,23452
5398,23452
1132,23452
4827,23451
4827,23482
9776,23482
1004,23482
7532,23459
9120,23459
4220,23459
1521,23565
4220,23565
9776,23456
1004,23463
4220,23463
9474,23464
9776,23457
9120,23457
4827,23457
5398,23455
1132,23455
1521,23568
9776,23568
4827,23566
5398,23566
7532,23566
1521,23467
5398,23467
4827,23467
1004,23479
9120,23479
4827,23479
4220,23481
1521,23481
1004,23458
1132,23458
9120,23458
7532,23579
1132,23579
4827,23702
1521,23702
4220,23702
4827,23558
1004,23558
1521,23558
5398,23558
9474,23556
4827,23556
7532,23556
9120,23556
1004,23554
4220,23554
7532,23554
9120,23554
7532,23557
9776,23557
5398,23557
4827,23555
7532,23555
1132,23555
1521,23553
9474,23553
1132,23489
4827,23491
4220,23491
1132,23491
9120,23492
7532,23477
1521,23477
9474,23478
9120,23476
1004,23476
1521,23476
9776,23486
1004,23480
9776,23473
9474,23473
1132,23473
9776,23460
4827,23462
1521,23462
1004,23499
9776,23499
1132,23485
4220,90025F
5398,90025F
9120,90025F
4827,23570
1004,23454
7532,23454
9776,23454
1004,23571
1132,23569
7532,23569
4220,23569
4827,23569
9776,23305
7532,23305
4220,23474
1132,23474
4827,23474
1004,23582
9776,23582
1132,23583
1004,23583
5398,23583
9474,23581
1521,23581
5398,23581
1521,79157B
5398,23303
9776,23475
1521,23497
4220,23497
9120,23304
1521,23304
9120,23495
4220,23495
5398,23495
9474,23496
9120,23496
9776,23496
1132,47016
7532,47016
1004,47016
9776,23691
9120,23691
1004,23691
5398,23691
4827,90181A
1132,90181A
9120,90181A
4827,90199B
7532,90199B
7532,90069
1004,90069
1132,90176A
5398,90176A
9776,90176B
4827,90176B
9120,90176B
4220,90176B
1132,23681
9474,23681
7532,23681
9474,72783
4827,90162A
4220,79161A
4827,79161A
9120,79161A
4220,23692
5398,23695
9120,23695
5398,23697
4827,23697
1004,23697
9776,90065B
9120,90065B
5398,90065B
1521,90065B
1132,23598
5398,23598
9776,23597
4220,23597
1521,23597
9120,23664
4220,23664
9776,23664
1521,17191A
1004,35598C
9120,35598C
5398,35598C
9474,35598C
1521,23694
7532,90083
1004,90083
4827,90083
9474,23442
7532,23442
9776,23442
4220,23449
7532,23449
5398,23449
1004,35598A
7532,35598A
4220,35598A
4827,23428
4220,23428
1521,84206B
5398,84206B
9120,84206B
7532,84206B
4827,23430
9776,23430
5398,23430
9120,23429
5398,23429
1132,23441
1004,23441
5398,23441
4220,22125
9776,22125
7532,22125
1521,90130A
4827,90130A
5398,90130A
5398,90011A
9120,90011A
1521,23440
9474,23440
5398,23440
4220,23552
1132,23552
7532,23552
4220,23498
1132,84550
4220,84550
9120,84550
4827,23578
9474,23578
1004,23580
1521,23575
9474,23575
9120,23575
7532,23560
4827,23576
4827,23562
9120,23561
1521,23561
7532,90214F
4220,90214F
1132,90214F
9474,90214O
1132,90214O
1004,90214T
1521,90214T
1132,90214U
5398,90214U
4220,90214U
9474,90214U
1132,90214W
1132,90214Z
5398,90089
7532,90089
1521,90089
1132,90089
5398,23843
1132,23843
4220,23843
9776,23843
